city,entity_id,__last_seen,text,region,note,street,postal_code,country_code,country_name,street_2,__first_seen
,au-dfat-sanctions.4,2018-04-12 08:16:37.610877,nan,,,,,,,,2018-04-12 08:16:33.300027
,au-dfat-sanctions.25,2018-04-12 08:16:38.369373,nan,,,,,,,,2018-04-12 08:16:34.768418
,au-dfat-sanctions.6,2018-04-12 08:16:38.519487,nan,,,,,,,,2018-04-12 08:16:36.667205
,au-dfat-sanctions.31,2018-04-12 08:16:39.102931,nan,,,,,,,,2018-04-12 08:16:38.719538
,au-dfat-sanctions.38,2018-04-12 08:16:39.277994,nan,,,,,,,,2018-04-12 08:16:36.983349
,au-dfat-sanctions.30,2018-04-12 08:16:39.626086,nan,,,,,,,,2018-04-12 08:16:38.152093
,au-dfat-sanctions.49,2018-04-12 08:16:39.944844,nan,,,,,,,,2018-04-12 08:16:38.327085
,au-dfat-sanctions.44,2018-04-12 08:16:40.293130,nan,,,,,,,,2018-04-12 08:16:38.652490
,au-dfat-sanctions.36,2018-04-12 08:16:40.437504,nan,,,,,,,,2018-04-12 08:16:38.960775
,au-dfat-sanctions.9,2018-04-12 08:16:40.603159,nan,,,,,,,,2018-04-12 08:16:34.466387
,au-dfat-sanctions.26,2018-04-12 08:16:40.653175,nan,,,,,,,,2018-04-12 08:16:35.934989
,au-dfat-sanctions.52,2018-04-12 08:16:40.661890,nan,,,,,,,,2018-04-12 08:16:40.551443
,au-dfat-sanctions.27,2018-04-12 08:16:41.053153,nan,,,,,,,,2018-04-12 08:16:36.233400
,au-dfat-sanctions.20,2018-04-12 08:16:42.395231,nan,,,,,,,,2018-04-12 08:16:37.485583
,au-dfat-sanctions.42,2018-04-12 08:16:42.920437,nan,,,,,,,,2018-04-12 08:16:37.977106
,au-dfat-sanctions.78,2018-04-12 08:16:43.486939,nan,,,,,,,,2018-04-12 08:16:42.995409
,au-dfat-sanctions.100,2018-04-12 08:16:48.323132,nan,,,,,,,,2018-04-12 08:16:44.954284
,au-dfat-sanctions.88,2018-04-12 08:16:56.097779,nan,,,,,,,,2018-04-12 08:16:43.803967
,au-dfat-sanctions.307,2018-04-12 08:17:49.312590,nan,,,,,,,,2018-04-12 08:17:44.018781
,au-dfat-sanctions.370,2018-04-12 08:17:51.580830,nan,,,,,,,,2018-04-12 08:17:50.519988
,au-dfat-sanctions.485,2018-04-12 08:17:57.885378,nan,,,,,,,,2018-04-12 08:17:57.414215
,au-dfat-sanctions.526,2018-04-12 08:18:10.717672,nan,,,,,,,,2018-04-12 08:17:58.847878
,au-dfat-sanctions.300,2018-04-12 08:18:22.878947,nan,,,,,,,,2018-04-12 08:17:08.735758
,au-dfat-sanctions.398,2018-04-12 08:18:25.783612,nan,,,,,,,,2018-04-12 08:17:51.603444
,au-dfat-sanctions.651,2018-04-12 08:18:32.564173,nan,,,,,,,,2018-04-12 08:18:31.297647
,au-dfat-sanctions.672,2018-04-12 08:18:36.335513,nan,,,,,,,,2018-04-12 08:18:35.990215
,au-dfat-sanctions.671,2018-04-12 08:18:36.620799,nan,,,,,,,,2018-04-12 08:18:36.277162
,au-dfat-sanctions.63,2018-04-12 08:16:41.236447,nan,,,,,,,,2018-04-12 08:16:39.302436
,au-dfat-sanctions.66,2018-04-12 08:16:42.970067,nan,,,,,,,,2018-04-12 08:16:41.186476
,au-dfat-sanctions.79,2018-04-12 08:16:43.837111,nan,,,,,,,,2018-04-12 08:16:41.936746
,au-dfat-sanctions.73,2018-04-12 08:16:43.979188,nan,,,,,,,,2018-04-12 08:16:41.619909
,au-dfat-sanctions.68,2018-04-12 08:16:44.954980,nan,,,,,,,,2018-04-12 08:16:42.086674
,au-dfat-sanctions.80,2018-04-12 08:16:45.079377,nan,,,,,,,,2018-04-12 08:16:42.502873
,au-dfat-sanctions.99,2018-04-12 08:16:45.287756,nan,,,,,,,,2018-04-12 08:16:45.272457
,au-dfat-sanctions.72,2018-04-12 08:16:46.121373,nan,,,,,,,,2018-04-12 08:16:41.378250
,au-dfat-sanctions.87,2018-04-12 08:16:47.138044,nan,,,,,,,,2018-04-12 08:16:43.178669
,au-dfat-sanctions.97,2018-04-12 08:16:47.854974,nan,,,,,,,,2018-04-12 08:16:44.187282
,au-dfat-sanctions.105,2018-04-12 08:16:48.363593,nan,,,,,,,,2018-04-12 08:16:46.287784
,au-dfat-sanctions.92,2018-04-12 08:16:49.688689,nan,,,,,,,,2018-04-12 08:16:43.837200
,au-dfat-sanctions.101,2018-04-12 08:16:56.239564,nan,,,,,,,,2018-04-12 08:16:45.454354
,au-dfat-sanctions.53,2018-04-12 08:16:56.432571,nan,,,,,,,,2018-04-12 08:16:38.794410
,au-dfat-sanctions.83,2018-04-12 08:16:58.624625,nan,,,,,,,,2018-04-12 08:16:42.953542
,au-dfat-sanctions.121,2018-04-12 08:17:01.755370,nan,,,,,,,,2018-04-12 08:16:50.230387
,au-dfat-sanctions.114,2018-04-12 08:17:02.674718,nan,,,,,,,,2018-04-12 08:16:50.047227
,au-dfat-sanctions.173,2018-04-12 08:17:02.683200,nan,,,,,,,,2018-04-12 08:16:58.763339
,au-dfat-sanctions.3,2018-04-12 08:17:03.547731,nan,,,,,,,,2018-04-12 08:16:29.650440
,au-dfat-sanctions.196,2018-04-12 08:17:03.864237,nan,,,,,,,,2018-04-12 08:17:00.533405
,au-dfat-sanctions.199,2018-04-12 08:17:05.923108,nan,,,,,,,,2018-04-12 08:17:00.972409
,au-dfat-sanctions.11,2018-04-12 08:17:15.587699,nan,,,,,,,,2018-04-12 08:16:34.472016
,au-dfat-sanctions.360,2018-04-12 08:17:50.861848,nan,,,,,,,,2018-04-12 08:17:50.328462
,au-dfat-sanctions.443,2018-04-12 08:18:00.769690,nan,,,,,,,,2018-04-12 08:17:54.413013
,au-dfat-sanctions.572,2018-04-12 08:18:10.926165,nan,,,,,,,,2018-04-12 08:18:08.925546
,au-dfat-sanctions.634,2018-04-12 08:18:35.351695,nan,,,,,,,,2018-04-12 08:18:30.513919
,au-dfat-sanctions.679,2018-04-12 08:18:35.806874,nan,,,,,,,,2018-04-12 08:18:35.360214
,au-dfat-sanctions.678,2018-04-12 08:18:36.006481,nan,,,,,,,,2018-04-12 08:18:35.059879
,au-dfat-sanctions.676,2018-04-12 08:18:36.407037,nan,,,,,,,,2018-04-12 08:18:34.768211
,au-dfat-sanctions.40,2018-04-12 08:16:43.278714,nan,,,,,,,,2018-04-12 08:16:37.166688
,au-dfat-sanctions.84,2018-04-12 08:16:57.131084,nan,,,,,,,,2018-04-12 08:16:45.016154
,au-dfat-sanctions.185,2018-04-12 08:17:00.500335,nan,,,,,,,,2018-04-12 08:17:00.500335
,au-dfat-sanctions.7,2018-04-12 08:17:16.646716,nan,,,,,,,,2018-04-12 08:16:31.726016
,au-dfat-sanctions.339,2018-04-12 08:17:50.184659,nan,,,,,,,,2018-04-12 08:17:45.116396
,au-dfat-sanctions.359,2018-04-12 08:17:54.221025,nan,,,,,,,,2018-04-12 08:17:48.419496
,au-dfat-sanctions.433,2018-04-12 08:17:55.071713,nan,,,,,,,,2018-04-12 08:17:53.559462
,au-dfat-sanctions.441,2018-04-12 08:17:55.938408,nan,,,,,,,,2018-04-12 08:17:54.195764
,au-dfat-sanctions.645,2018-04-12 08:18:33.551701,nan,,,,,,,,2018-04-12 08:18:33.551701
,au-dfat-sanctions.655,2018-04-12 08:18:34.351746,nan,,,,,,,,2018-04-12 08:18:34.351746
,au-dfat-sanctions.653,2018-04-12 08:18:34.367940,nan,,,,,,,,2018-04-12 08:18:33.943527
,au-dfat-sanctions.663,2018-04-12 08:18:34.534737,nan,,,,,,,,2018-04-12 08:18:33.751592
,au-dfat-sanctions.646,2018-04-12 08:18:34.585281,nan,,,,,,,,2018-04-12 08:18:31.739655
,au-dfat-sanctions.680,2018-04-12 08:18:35.656464,nan,,,,,,,,2018-04-12 08:18:35.543243
,au-dfat-sanctions.675,2018-04-12 08:18:36.765126,nan,,,,,,,,2018-04-12 08:18:36.640146
,au-dfat-sanctions.669,2018-04-12 08:18:36.876831,nan,,,,,,,,2018-04-12 08:18:35.726949
,au-dfat-sanctions.696,2018-04-12 08:18:37.060701,nan,,,,,,,,2018-04-12 08:18:36.973811
,au-dfat-sanctions.643,2018-04-12 08:18:37.165066,nan,,,,,,,,2018-04-12 08:18:33.084559
,au-dfat-sanctions.649,2018-04-12 08:18:37.723516,nan,,,,,,,,2018-04-12 08:18:32.076187
,au-dfat-sanctions.654,2018-04-12 08:18:37.798701,nan,,,,,,,,2018-04-12 08:18:34.168129
,au-dfat-sanctions.656,2018-04-12 08:18:37.960801,nan,,,,,,,,2018-04-12 08:18:34.931615
,au-dfat-sanctions.664,2018-04-12 08:18:39.168933,nan,,,,,,,,2018-04-12 08:18:37.468950
,au-dfat-sanctions.652,2018-04-12 08:18:39.369076,nan,,,,,,,,2018-04-12 08:18:32.389307
,au-dfat-sanctions.692,2018-04-12 08:18:39.649289,nan,,,,,,,,2018-04-12 08:18:38.106982
,au-dfat-sanctions.689,2018-04-12 08:18:40.277465,nan,,,,,,,,2018-04-12 08:18:37.348642
,au-dfat-sanctions.770,2018-04-12 08:18:42.386402,nan,,,,,,,,2018-04-12 08:18:42.386402
,au-dfat-sanctions.755,2018-04-12 08:18:42.719530,nan,,,,,,,,2018-04-12 08:18:42.719530
,au-dfat-sanctions.760,2018-04-12 08:18:42.978096,nan,,,,,,,,2018-04-12 08:18:42.978096
,au-dfat-sanctions.784,2018-04-12 08:18:43.111505,nan,,,,,,,,2018-04-12 08:18:41.949151
,au-dfat-sanctions.768,2018-04-12 08:18:43.728212,nan,,,,,,,,2018-04-12 08:18:43.728212
,au-dfat-sanctions.537,2018-04-12 08:18:46.008668,nan,,,,,,,,2018-04-12 08:18:00.577684
,au-dfat-sanctions.1048,2018-04-12 08:18:47.308694,nan,,,,,,,,2018-04-12 08:18:46.661989
,au-dfat-sanctions.1034,2018-04-12 08:18:47.359001,nan,,,,,,,,2018-04-12 08:18:47.359001
,au-dfat-sanctions.1045,2018-04-12 08:18:48.483880,nan,,,,,,,,2018-04-12 08:18:48.483880
,au-dfat-sanctions.28,2018-04-12 08:16:41.253374,nan,,,,,,,,2018-04-12 08:16:36.126854
,au-dfat-sanctions.47,2018-04-12 08:16:50.689236,nan,,,,,,,,2018-04-12 08:16:42.945411
,au-dfat-sanctions.64,2018-04-12 08:16:53.413338,nan,,,,,,,,2018-04-12 08:16:43.253854
,au-dfat-sanctions.2,2018-04-12 08:17:03.050156,nan,,,,,,,,2018-04-12 08:16:33.859918
,au-dfat-sanctions.170,2018-04-12 08:17:04.014116,nan,,,,,,,,2018-04-12 08:16:59.288556
,au-dfat-sanctions.181,2018-04-12 08:17:04.522760,nan,,,,,,,,2018-04-12 08:17:00.056633
,au-dfat-sanctions.34,2018-04-12 08:17:05.931273,nan,,,,,,,,2018-04-12 08:16:38.819019
,au-dfat-sanctions.316,2018-04-12 08:17:46.969448,nan,,,,,,,,2018-04-12 08:17:46.919433
,au-dfat-sanctions.655,2018-04-12 08:18:34.351361,nan,,,,,,,,2018-04-12 08:18:34.351361
,au-dfat-sanctions.667,2018-04-12 08:18:35.465100,nan,,,,,,,,2018-04-12 08:18:35.351540
,au-dfat-sanctions.668,2018-04-12 08:18:35.918821,nan,,,,,,,,2018-04-12 08:18:35.123006
,au-dfat-sanctions.681,2018-04-12 08:18:36.301828,nan,,,,,,,,2018-04-12 08:18:35.226408
,au-dfat-sanctions.686,2018-04-12 08:18:36.620952,nan,,,,,,,,2018-04-12 08:18:36.173085
,au-dfat-sanctions.700,2018-04-12 08:18:36.901745,nan,,,,,,,,2018-04-12 08:18:36.901745
,au-dfat-sanctions.660,2018-04-12 08:18:37.093542,nan,,,,,,,,2018-04-12 08:18:34.247835
,au-dfat-sanctions.699,2018-04-12 08:18:37.357057,nan,,,,,,,,2018-04-12 08:18:36.764942
,au-dfat-sanctions.677,2018-04-12 08:18:38.082131,nan,,,,,,,,2018-04-12 08:18:34.859760
,au-dfat-sanctions.682,2018-04-12 08:18:38.265418,nan,,,,,,,,2018-04-12 08:18:35.043165
,au-dfat-sanctions.690,2018-04-12 08:18:39.065492,nan,,,,,,,,2018-04-12 08:18:37.348474
,au-dfat-sanctions.692,2018-04-12 08:18:39.649289,nan,,,,,,,,2018-04-12 08:18:38.106808
,au-dfat-sanctions.688,2018-04-12 08:18:39.935563,nan,,,,,,,,2018-04-12 08:18:36.620527
,au-dfat-sanctions.740,2018-04-12 08:18:40.415593,nan,,,,,,,,2018-04-12 08:18:40.415593
,au-dfat-sanctions.744,2018-04-12 08:18:40.619137,nan,,,,,,,,2018-04-12 08:18:40.619137
,au-dfat-sanctions.751,2018-04-12 08:18:40.660733,nan,,,,,,,,2018-04-12 08:18:40.660733
,au-dfat-sanctions.775,2018-04-12 08:18:41.010834,nan,,,,,,,,2018-04-12 08:18:41.010834
,au-dfat-sanctions.756,2018-04-12 08:18:41.194077,nan,,,,,,,,2018-04-12 08:18:41.194077
,au-dfat-sanctions.754,2018-04-12 08:18:41.210803,nan,,,,,,,,2018-04-12 08:18:40.823929
,au-dfat-sanctions.774,2018-04-12 08:18:41.307402,nan,,,,,,,,2018-04-12 08:18:41.307402
,au-dfat-sanctions.726,2018-04-12 08:18:41.419547,nan,,,,,,,,2018-04-12 08:18:39.160386
,au-dfat-sanctions.757,2018-04-12 08:18:41.949203,nan,,,,,,,,2018-04-12 08:18:41.419091
,au-dfat-sanctions.780,2018-04-12 08:18:42.186084,nan,,,,,,,,2018-04-12 08:18:40.907524
,au-dfat-sanctions.763,2018-04-12 08:18:42.591519,nan,,,,,,,,2018-04-12 08:18:42.274292
,au-dfat-sanctions.60,2018-04-12 08:16:43.912578,nan,,,,,,,,2018-04-12 08:16:41.386983
,au-dfat-sanctions.16,2018-04-12 08:16:45.129086,nan,,,,,,,,2018-04-12 08:16:37.618782
,au-dfat-sanctions.108,2018-04-12 08:16:50.147503,nan,,,,,,,,2018-04-12 08:16:47.855334
,au-dfat-sanctions.147,2018-04-12 08:17:00.046949,nan,,,,,,,,2018-04-12 08:16:52.522109
,au-dfat-sanctions.110,2018-04-12 08:17:03.342973,nan,,,,,,,,2018-04-12 08:16:49.865104
,au-dfat-sanctions.33,2018-04-12 08:17:05.567462,nan,,,,,,,,2018-04-12 08:16:36.949821
,au-dfat-sanctions.303,2018-04-12 08:17:52.167670,nan,,,,,,,,2018-04-12 08:17:47.111498
,au-dfat-sanctions.439,2018-04-12 08:18:01.672458,nan,,,,,,,,2018-04-12 08:17:53.821142
,au-dfat-sanctions.658,2018-04-12 08:18:35.059887,nan,,,,,,,,2018-04-12 08:18:34.859816
,au-dfat-sanctions.666,2018-04-12 08:18:35.456793,nan,,,,,,,,2018-04-12 08:18:34.534762
,au-dfat-sanctions.670,2018-04-12 08:18:36.165400,nan,,,,,,,,2018-04-12 08:18:35.351540
,au-dfat-sanctions.683,2018-04-12 08:18:36.415126,nan,,,,,,,,2018-04-12 08:18:35.156211
,au-dfat-sanctions.694,2018-04-12 08:18:36.640420,nan,,,,,,,,2018-04-12 08:18:36.309978
,au-dfat-sanctions.693,2018-04-12 08:18:36.868887,nan,,,,,,,,2018-04-12 08:18:35.043144
,au-dfat-sanctions.700,2018-04-12 08:18:36.901805,nan,,,,,,,,2018-04-12 08:18:36.901805
,au-dfat-sanctions.685,2018-04-12 08:18:36.973366,nan,,,,,,,,2018-04-12 08:18:35.543058
,au-dfat-sanctions.674,2018-04-12 08:18:36.981535,nan,,,,,,,,2018-04-12 08:18:35.918268
,au-dfat-sanctions.698,2018-04-12 08:18:37.243556,nan,,,,,,,,2018-04-12 08:18:36.764956
,au-dfat-sanctions.691,2018-04-12 08:18:37.865347,nan,,,,,,,,2018-04-12 08:18:37.715191
,au-dfat-sanctions.650,2018-04-12 08:18:38.335457,nan,,,,,,,,2018-04-12 08:18:31.434618
,au-dfat-sanctions.704,2018-04-12 08:18:38.407038,nan,,,,,,,,2018-04-12 08:18:38.160369
,au-dfat-sanctions.697,2018-04-12 08:18:38.594300,nan,,,,,,,,2018-04-12 08:18:36.620404
,au-dfat-sanctions.657,2018-04-12 08:18:39.360652,nan,,,,,,,,2018-04-12 08:18:34.709919
,au-dfat-sanctions.673,2018-04-12 08:18:39.482132,nan,,,,,,,,2018-04-12 08:18:35.726605
,au-dfat-sanctions.659,2018-04-12 08:18:39.648723,nan,,,,,,,,2018-04-12 08:18:35.632018
,au-dfat-sanctions.600,2018-04-12 08:18:40.094049,nan,,,,,,,,2018-04-12 08:18:31.297157
,au-dfat-sanctions.723,2018-04-12 08:18:40.135982,nan,,,,,,,,2018-04-12 08:18:38.698551
,au-dfat-sanctions.722,2018-04-12 08:18:40.669528,nan,,,,,,,,2018-04-12 08:18:38.343692
,au-dfat-sanctions.766,2018-04-12 08:18:42.386000,nan,,,,,,,,2018-04-12 08:18:42.386000
,au-dfat-sanctions.779,2018-04-12 08:18:42.899831,nan,,,,,,,,2018-04-12 08:18:42.360923
,au-dfat-sanctions.769,2018-04-12 08:18:43.678004,nan,,,,,,,,2018-04-12 08:18:42.899428
,au-dfat-sanctions.786,2018-04-12 08:18:43.777926,nan,,,,,,,,2018-04-12 08:18:42.015807
,au-dfat-sanctions.778,2018-04-12 08:18:44.378407,nan,,,,,,,,2018-04-12 08:18:42.169341
,au-dfat-sanctions.781,2018-04-12 08:18:45.058204,nan,,,,,,,,2018-04-12 08:18:41.602603
,au-dfat-sanctions.15,2018-04-12 08:16:42.736709,nan,,,,,,,,2018-04-12 08:16:39.753058
,au-dfat-sanctions.75,2018-04-12 08:16:43.270178,nan,,,,,,,,2018-04-12 08:16:42.003419
,au-dfat-sanctions.67,2018-04-12 08:16:44.412621,nan,,,,,,,,2018-04-12 08:16:43.078462
,au-dfat-sanctions.69,2018-04-12 08:16:44.737900,nan,,,,,,,,2018-04-12 08:16:39.850626
,au-dfat-sanctions.96,2018-04-12 08:16:45.261635,nan,,,,,,,,2018-04-12 08:16:44.487367
,au-dfat-sanctions.19,2018-04-12 08:16:45.996175,nan,,,,,,,,2018-04-12 08:16:33.016206
,au-dfat-sanctions.71,2018-04-12 08:16:46.354723,nan,,,,,,,,2018-04-12 08:16:41.586724
,au-dfat-sanctions.98,2018-04-12 08:16:46.803577,nan,,,,,,,,2018-04-12 08:16:44.287324
,au-dfat-sanctions.103,2018-04-12 08:16:48.213527,nan,,,,,,,,2018-04-12 08:16:46.671110
,au-dfat-sanctions.91,2018-04-12 08:16:49.413546,nan,,,,,,,,2018-04-12 08:16:44.012113
,au-dfat-sanctions.127,2018-04-12 08:16:50.338913,nan,,,,,,,,2018-04-12 08:16:47.728461
,au-dfat-sanctions.47,2018-04-12 08:16:50.689236,nan,,,,,,,,2018-04-12 08:16:42.936812
,au-dfat-sanctions.154,2018-04-12 08:16:50.755579,nan,,,,,,,,2018-04-12 08:16:50.755579
,au-dfat-sanctions.129,2018-04-12 08:16:51.292529,nan,,,,,,,,2018-04-12 08:16:49.613703
,au-dfat-sanctions.126,2018-04-12 08:16:56.098012,nan,,,,,,,,2018-04-12 08:16:49.538822
,au-dfat-sanctions.136,2018-04-12 08:16:56.506134,nan,,,,,,,,2018-04-12 08:16:50.355719
,au-dfat-sanctions.106,2018-04-12 08:16:56.522958,nan,,,,,,,,2018-04-12 08:16:45.454075
,au-dfat-sanctions.107,2018-04-12 08:16:57.473093,nan,,,,,,,,2018-04-12 08:16:47.363166
,au-dfat-sanctions.58,2018-04-12 08:16:57.598366,nan,,,,,,,,2018-04-12 08:16:40.451361
,au-dfat-sanctions.165,2018-04-12 08:16:57.597988,nan,,,,,,,,2018-04-12 08:16:57.597988
,au-dfat-sanctions.137,2018-04-12 08:16:57.829945,nan,,,,,,,,2018-04-12 08:16:48.088123
,au-dfat-sanctions.85,2018-04-12 08:16:59.305455,nan,,,,,,,,2018-04-12 08:16:43.820359
,au-dfat-sanctions.160,2018-04-12 08:17:00.292406,nan,,,,,,,,2018-04-12 08:16:58.774027
,au-dfat-sanctions.169,2018-04-12 08:17:03.049945,nan,,,,,,,,2018-04-12 08:16:58.423000
,au-dfat-sanctions.122,2018-04-12 08:17:03.534130,nan,,,,,,,,2018-04-12 08:16:49.363758
,au-dfat-sanctions.210,2018-04-12 08:17:05.472923,nan,,,,,,,,2018-04-12 08:17:01.772100
,au-dfat-sanctions.13,2018-04-12 08:17:11.861899,nan,,,,,,,,2018-04-12 08:16:32.284383
,au-dfat-sanctions.438,2018-04-12 08:17:53.276391,nan,,,,,,,,2018-04-12 08:17:53.276391
,au-dfat-sanctions.24,2018-04-12 08:16:42.453829,nan,,,,,,,,2018-04-12 08:16:36.025450
,au-dfat-sanctions.57,2018-04-12 08:16:44.547572,nan,,,,,,,,2018-04-12 08:16:38.869008
,au-dfat-sanctions.43,2018-04-12 08:16:50.037710,nan,,,,,,,,2018-04-12 08:16:38.535495
,au-dfat-sanctions.113,2018-04-12 08:16:50.167446,nan,,,,,,,,2018-04-12 08:16:49.380519
,au-dfat-sanctions.51,2018-04-12 08:16:50.539026,nan,,,,,,,,2018-04-12 08:16:41.003361
,au-dfat-sanctions.104,2018-04-12 08:16:56.879937,nan,,,,,,,,2018-04-12 08:16:47.930335
,au-dfat-sanctions.140,2018-04-12 08:16:58.073044,nan,,,,,,,,2018-04-12 08:16:50.331039
,au-dfat-sanctions.465,2018-04-12 08:18:10.142540,nan,,,,,,,,2018-04-12 08:17:55.403379
,au-dfat-sanctions.687,2018-04-12 08:18:37.165043,nan,,,,,,,,2018-04-12 08:18:36.765453
,au-dfat-sanctions.665,2018-04-12 08:18:37.660714,nan,,,,,,,,2018-04-12 08:18:34.860201
,au-dfat-sanctions.741,2018-04-12 08:18:42.449377,nan,,,,,,,,2018-04-12 08:18:42.449377
,au-dfat-sanctions.767,2018-04-12 08:18:43.153242,nan,,,,,,,,2018-04-12 08:18:43.153242
,au-dfat-sanctions.743,2018-04-12 08:18:45.786656,nan,,,,,,,,2018-04-12 08:18:42.007594
,au-dfat-sanctions.1042,2018-04-12 08:18:48.396293,nan,,,,,,,,2018-04-12 08:18:47.166784
,au-dfat-sanctions.1046,2018-04-12 08:18:51.042949,nan,,,,,,,,2018-04-12 08:18:51.042949
,au-dfat-sanctions.1071,2018-04-12 08:18:52.293235,nan,,,,,,,,2018-04-12 08:18:47.941960
,au-dfat-sanctions.1119,2018-04-12 08:18:54.093156,nan,,,,,,,,2018-04-12 08:18:52.042906
,au-dfat-sanctions.1130,2018-04-12 08:18:56.977256,nan,,,,,,,,2018-04-12 08:18:54.289397
,au-dfat-sanctions.1136,2018-04-12 08:18:56.998255,nan,,,,,,,,2018-04-12 08:18:54.305674
,au-dfat-sanctions.1175,2018-04-12 08:18:57.639594,nan,,,,,,,,2018-04-12 08:18:57.639594
,au-dfat-sanctions.1183,2018-04-12 08:18:57.969505,nan,,,,,,,,2018-04-12 08:18:57.969505
,au-dfat-sanctions.1153,2018-04-12 08:18:58.235976,nan,,,,,,,,2018-04-12 08:18:58.235976
,au-dfat-sanctions.1129,2018-04-12 08:18:58.315052,nan,,,,,,,,2018-04-12 08:18:55.385806
,au-dfat-sanctions.1179,2018-04-12 08:18:58.915347,nan,,,,,,,,2018-04-12 08:18:58.915347
,au-dfat-sanctions.1187,2018-04-12 08:18:58.990283,nan,,,,,,,,2018-04-12 08:18:58.990283
,au-dfat-sanctions.1186,2018-04-12 08:19:00.023676,nan,,,,,,,,2018-04-12 08:19:00.023676
,au-dfat-sanctions.1238,2018-04-12 08:19:00.740398,nan,,,,,,,,2018-04-12 08:19:00.740398
,au-dfat-sanctions.1244,2018-04-12 08:19:01.204050,nan,,,,,,,,2018-04-12 08:19:01.204050
,au-dfat-sanctions.1142,2018-04-12 08:19:01.379169,nan,,,,,,,,2018-04-12 08:18:56.152615
,au-dfat-sanctions.1239,2018-04-12 08:19:01.832343,nan,,,,,,,,2018-04-12 08:19:00.607262
,au-dfat-sanctions.14,2018-04-12 08:16:43.812270,nan,,,,,,,,2018-04-12 08:16:33.024205
,au-dfat-sanctions.22,2018-04-12 08:16:44.379100,nan,,,,,,,,2018-04-12 08:16:37.200049
,au-dfat-sanctions.95,2018-04-12 08:16:47.279709,nan,,,,,,,,2018-04-12 08:16:46.520161
,au-dfat-sanctions.119,2018-04-12 08:16:48.913606,nan,,,,,,,,2018-04-12 08:16:48.497225
,au-dfat-sanctions.139,2018-04-12 08:16:51.292526,nan,,,,,,,,2018-04-12 08:16:49.364352
,au-dfat-sanctions.70,2018-04-12 08:16:55.457523,nan,,,,,,,,2018-04-12 08:16:39.994292
,au-dfat-sanctions.21,2018-04-12 08:16:56.497152,nan,,,,,,,,2018-04-12 08:16:35.710642
,au-dfat-sanctions.132,2018-04-12 08:16:56.639444,nan,,,,,,,,2018-04-12 08:16:48.755596
,au-dfat-sanctions.164,2018-04-12 08:17:03.650187,nan,,,,,,,,2018-04-12 08:17:02.874890
,au-dfat-sanctions.456,2018-04-12 08:17:57.989920,nan,,,,,,,,2018-04-12 08:17:57.989920
,au-dfat-sanctions.536,2018-04-12 08:18:10.909259,nan,,,,,,,,2018-04-12 08:18:00.553214
,au-dfat-sanctions.671,2018-04-12 08:18:36.620799,nan,,,,,,,,2018-04-12 08:18:36.285512
,au-dfat-sanctions.701,2018-04-12 08:18:38.735226,nan,,,,,,,,2018-04-12 08:18:37.348681
,au-dfat-sanctions.719,2018-04-12 08:18:39.556557,nan,,,,,,,,2018-04-12 08:18:37.740303
,au-dfat-sanctions.739,2018-04-12 08:18:40.997260,nan,,,,,,,,2018-04-12 08:18:40.997260
,au-dfat-sanctions.782,2018-04-12 08:18:43.469643,nan,,,,,,,,2018-04-12 08:18:43.044505
,au-dfat-sanctions.641,2018-04-12 08:18:44.641508,nan,,,,,,,,2018-04-12 08:18:32.267563
,au-dfat-sanctions.776,2018-04-12 08:18:45.041531,nan,,,,,,,,2018-04-12 08:18:45.041531
,au-dfat-sanctions.752,2018-04-12 08:18:45.366672,nan,,,,,,,,2018-04-12 08:18:40.560677
,au-dfat-sanctions.790,2018-04-12 08:18:45.920093,nan,,,,,,,,2018-04-12 08:18:45.920093
,au-dfat-sanctions.1039,2018-04-12 08:18:47.692024,nan,,,,,,,,2018-04-12 08:18:47.692024
,au-dfat-sanctions.1081,2018-04-12 08:18:49.567558,nan,,,,,,,,2018-04-12 08:18:49.567558
,au-dfat-sanctions.1052,2018-04-12 08:18:49.775875,nan,,,,,,,,2018-04-12 08:18:47.766969
,au-dfat-sanctions.1041,2018-04-12 08:18:50.971515,nan,,,,,,,,2018-04-12 08:18:50.971515
,au-dfat-sanctions.1054,2018-04-12 08:18:51.838398,nan,,,,,,,,2018-04-12 08:18:48.117155
,au-dfat-sanctions.1038,2018-04-12 08:18:52.159871,nan,,,,,,,,2018-04-12 08:18:51.130000
,au-dfat-sanctions.1092,2018-04-12 08:18:52.388635,nan,,,,,,,,2018-04-12 08:18:52.388635
,au-dfat-sanctions.1108,2018-04-12 08:18:52.509797,nan,,,,,,,,2018-04-12 08:18:52.509797
,au-dfat-sanctions.1105,2018-04-12 08:18:52.563772,nan,,,,,,,,2018-04-12 08:18:50.555407
,au-dfat-sanctions.705,2018-04-12 08:18:52.684822,nan,,,,,,,,2018-04-12 08:18:38.473759
,au-dfat-sanctions.706,2018-04-12 08:18:52.818239,nan,,,,,,,,2018-04-12 08:18:39.169334
,au-dfat-sanctions.1106,2018-04-12 08:18:53.884877,nan,,,,,,,,2018-04-12 08:18:51.409459
,au-dfat-sanctions.783,2018-04-12 08:18:53.964095,nan,,,,,,,,2018-04-12 08:18:41.815864
,au-dfat-sanctions.1128,2018-04-12 08:18:55.602304,nan,,,,,,,,2018-04-12 08:18:54.093217
,au-dfat-sanctions.1072,2018-04-12 08:18:56.735659,nan,,,,,,,,2018-04-12 08:18:49.584133
,au-dfat-sanctions.1177,2018-04-12 08:18:58.485834,nan,,,,,,,,2018-04-12 08:18:58.485834
,au-dfat-sanctions.1174,2018-04-12 08:18:58.748230,nan,,,,,,,,2018-04-12 08:18:58.748230
,au-dfat-sanctions.1127,2018-04-12 08:18:58.990030,nan,,,,,,,,2018-04-12 08:18:55.205757
,au-dfat-sanctions.1182,2018-04-12 08:18:59.065056,nan,,,,,,,,2018-04-12 08:18:59.065056
,au-dfat-sanctions.1178,2018-04-12 08:18:59.465120,nan,,,,,,,,2018-04-12 08:18:59.465120
,au-dfat-sanctions.1184,2018-04-12 08:18:59.781629,nan,,,,,,,,2018-04-12 08:18:59.781629
,au-dfat-sanctions.94,2018-04-12 08:16:47.526375,nan,,,,,,,,2018-04-12 08:16:44.354159
,au-dfat-sanctions.102,2018-04-12 08:16:48.213445,nan,,,,,,,,2018-04-12 08:16:45.069372
,au-dfat-sanctions.111,2018-04-12 08:16:49.897205,nan,,,,,,,,2018-04-12 08:16:46.912712
,au-dfat-sanctions.138,2018-04-12 08:16:49.955902,nan,,,,,,,,2018-04-12 08:16:48.213202
,au-dfat-sanctions.133,2018-04-12 08:16:53.854609,nan,,,,,,,,2018-04-12 08:16:48.888338
,au-dfat-sanctions.141,2018-04-12 08:16:55.464213,nan,,,,,,,,2018-04-12 08:16:49.421737
,au-dfat-sanctions.143,2018-04-12 08:16:55.580766,nan,,,,,,,,2018-04-12 08:16:49.863575
,au-dfat-sanctions.39,2018-04-12 08:16:56.815119,nan,,,,,,,,2018-04-12 08:16:39.626821
,au-dfat-sanctions.109,2018-04-12 08:16:57.039690,nan,,,,,,,,2018-04-12 08:16:47.412973
,au-dfat-sanctions.155,2018-04-12 08:16:59.330788,nan,,,,,,,,2018-04-12 08:16:53.312433
,au-dfat-sanctions.189,2018-04-12 08:17:00.038170,nan,,,,,,,,2018-04-12 08:17:00.038170
,au-dfat-sanctions.171,2018-04-12 08:17:00.699459,nan,,,,,,,,2018-04-12 08:16:58.589753
,au-dfat-sanctions.149,2018-04-12 08:17:02.555590,nan,,,,,,,,2018-04-12 08:16:50.238617
,au-dfat-sanctions.159,2018-04-12 08:17:03.266594,nan,,,,,,,,2018-04-12 08:16:56.622745
,au-dfat-sanctions.167,2018-04-12 08:17:03.458428,nan,,,,,,,,2018-04-12 08:16:58.031187
,au-dfat-sanctions.5,2018-04-12 08:17:05.175378,nan,,,,,,,,2018-04-12 08:16:31.207126
,au-dfat-sanctions.128,2018-04-12 08:17:13.426893,nan,,,,,,,,2018-04-12 08:16:47.646285
,au-dfat-sanctions.695,2018-04-12 08:18:38.344202,nan,,,,,,,,2018-04-12 08:18:36.765444
,au-dfat-sanctions.771,2018-04-12 08:18:42.449768,nan,,,,,,,,2018-04-12 08:18:42.449768
,au-dfat-sanctions.753,2018-04-12 08:18:43.416735,nan,,,,,,,,2018-04-12 08:18:43.416735
,au-dfat-sanctions.1044,2018-04-12 08:18:48.050311,nan,,,,,,,,2018-04-12 08:18:48.050311
,au-dfat-sanctions.1051,2018-04-12 08:18:48.850721,nan,,,,,,,,2018-04-12 08:18:48.633661
,au-dfat-sanctions.1040,2018-04-12 08:18:51.226041,nan,,,,,,,,2018-04-12 08:18:47.167132
,au-dfat-sanctions.1050,2018-04-12 08:18:51.409530,nan,,,,,,,,2018-04-12 08:18:48.850490
,au-dfat-sanctions.1090,2018-04-12 08:18:52.459419,nan,,,,,,,,2018-04-12 08:18:52.459419
,au-dfat-sanctions.1030,2018-04-12 08:18:52.572333,nan,,,,,,,,2018-04-12 08:18:45.603041
,au-dfat-sanctions.8,2018-04-12 08:17:02.288938,nan,,,,,,,,2018-04-12 08:16:31.332452
,au-dfat-sanctions.684,2018-04-12 08:18:36.876831,nan,,,,,,,,2018-04-12 08:18:36.110188
,au-dfat-sanctions.765,2018-04-12 08:18:42.777844,nan,,,,,,,,2018-04-12 08:18:42.777844
,au-dfat-sanctions.737,2018-04-12 08:18:43.424905,nan,,,,,,,,2018-04-12 08:18:41.990895
,au-dfat-sanctions.788,2018-04-12 08:18:43.616229,nan,,,,,,,,2018-04-12 08:18:43.616229
,au-dfat-sanctions.742,2018-04-12 08:18:45.533522,nan,,,,,,,,2018-04-12 08:18:42.994545
,au-dfat-sanctions.580,2018-04-12 08:18:47.045347,nan,,,,,,,,2018-04-12 08:18:08.538067
,au-dfat-sanctions.1091,2018-04-12 08:18:51.872068,nan,,,,,,,,2018-04-12 08:18:51.872068
,au-dfat-sanctions.1017,2018-04-12 08:18:52.809670,nan,,,,,,,,2018-04-12 08:18:51.821931
,au-dfat-sanctions.1126,2018-04-12 08:18:54.593592,nan,,,,,,,,2018-04-12 08:18:54.060051
,au-dfat-sanctions.1055,2018-04-12 08:18:55.835472,nan,,,,,,,,2018-04-12 08:18:55.835472
,au-dfat-sanctions.1181,2018-04-12 08:18:59.265193,nan,,,,,,,,2018-04-12 08:18:59.265193
,au-dfat-sanctions.1176,2018-04-12 08:18:59.631895,nan,,,,,,,,2018-04-12 08:18:59.631895
,au-dfat-sanctions.1212,2018-04-12 08:19:00.415291,nan,,,,,,,,2018-04-12 08:19:00.415291
,au-dfat-sanctions.1180,2018-04-12 08:19:00.748946,nan,,,,,,,,2018-04-12 08:19:00.748946
,au-dfat-sanctions.1237,2018-04-12 08:19:01.221063,nan,,,,,,,,2018-04-12 08:19:01.221063
,au-dfat-sanctions.1210,2018-04-12 08:19:01.345953,nan,,,,,,,,2018-04-12 08:18:59.190037
,au-dfat-sanctions.1243,2018-04-12 08:19:01.370775,nan,,,,,,,,2018-04-12 08:19:01.370775
,au-dfat-sanctions.1147,2018-04-12 08:19:01.432648,nan,,,,,,,,2018-04-12 08:18:58.764952
,au-dfat-sanctions.1185,2018-04-12 08:19:01.440641,nan,,,,,,,,2018-04-12 08:19:01.440641
,au-dfat-sanctions.1204,2018-04-12 08:19:01.562757,nan,,,,,,,,2018-04-12 08:18:59.181859
,au-dfat-sanctions.1247,2018-04-12 08:19:01.640710,nan,,,,,,,,2018-04-12 08:19:01.640710
,au-dfat-sanctions.1216,2018-04-12 08:19:01.737620,nan,,,,,,,,2018-04-12 08:19:01.737620
,au-dfat-sanctions.1245,2018-04-12 08:19:01.832320,nan,,,,,,,,2018-04-12 08:19:01.832320
,au-dfat-sanctions.1226,2018-04-12 08:19:02.346432,nan,,,,,,,,2018-04-12 08:18:59.456589
,au-dfat-sanctions.1222,2018-04-12 08:19:02.854994,nan,,,,,,,,2018-04-12 08:18:59.361117
,au-dfat-sanctions.1173,2018-04-12 08:19:03.672030,nan,,,,,,,,2018-04-12 08:18:58.990110
,au-dfat-sanctions.1241,2018-04-12 08:19:03.896749,nan,,,,,,,,2018-04-12 08:19:00.740707
,au-dfat-sanctions.1270,2018-04-12 08:19:03.921370,nan,,,,,,,,2018-04-12 08:19:02.554529
,au-dfat-sanctions.1215,2018-04-12 08:19:04.126623,nan,,,,,,,,2018-04-12 08:18:59.344522
,au-dfat-sanctions.1246,2018-04-12 08:19:04.480149,nan,,,,,,,,2018-04-12 08:19:04.480149
,au-dfat-sanctions.1276,2018-04-12 08:19:06.183060,nan,,,,,,,,2018-04-12 08:19:03.429745
,au-dfat-sanctions.1756,2018-04-12 08:19:07.192376,nan,,,,,,,,2018-04-12 08:19:07.192376
,au-dfat-sanctions.1776,2018-04-12 08:19:07.560892,nan,,,,,,,,2018-04-12 08:19:07.560892
,au-dfat-sanctions.1742,2018-04-12 08:19:07.787901,nan,,,,,,,,2018-04-12 08:19:07.787901
,au-dfat-sanctions.1712,2018-04-12 08:19:08.335252,nan,,,,,,,,2018-04-12 08:19:08.335252
,au-dfat-sanctions.1718,2018-04-12 08:19:08.335501,nan,,,,,,,,2018-04-12 08:19:08.335501
,au-dfat-sanctions.1760,2018-04-12 08:19:08.640980,nan,,,,,,,,2018-04-12 08:19:08.640980
,au-dfat-sanctions.1825,2018-04-12 08:19:08.647480,nan,,,,,,,,2018-04-12 08:19:08.647480
,au-dfat-sanctions.1778,2018-04-12 08:19:08.899646,nan,,,,,,,,2018-04-12 08:19:08.899646
,au-dfat-sanctions.1736,2018-04-12 08:19:08.977043,nan,,,,,,,,2018-04-12 08:19:08.086306
,au-dfat-sanctions.1813,2018-04-12 08:19:09.333024,nan,,,,,,,,2018-04-12 08:19:09.333024
,au-dfat-sanctions.1746,2018-04-12 08:19:09.585755,nan,,,,,,,,2018-04-12 08:19:09.585755
,au-dfat-sanctions.1924,2018-04-12 08:19:09.858077,nan,,,,,,,,2018-04-12 08:19:09.858077
,au-dfat-sanctions.1919,2018-04-12 08:19:10.144065,nan,,,,,,,,2018-04-12 08:19:10.144065
,au-dfat-sanctions.1889,2018-04-12 08:19:10.324407,nan,,,,,,,,2018-04-12 08:19:10.324407
,au-dfat-sanctions.1882,2018-04-12 08:19:10.419339,nan,,,,,,,,2018-04-12 08:19:10.419339
,au-dfat-sanctions.1884,2018-04-12 08:19:10.691194,nan,,,,,,,,2018-04-12 08:19:10.691194
,au-dfat-sanctions.1964,2018-04-12 08:19:10.891131,nan,,,,,,,,2018-04-12 08:19:10.874516
,au-dfat-sanctions.1943,2018-04-12 08:19:10.985539,nan,,,,,,,,2018-04-12 08:19:10.499454
,au-dfat-sanctions.1891,2018-04-12 08:19:11.277771,nan,,,,,,,,2018-04-12 08:19:11.277771
,au-dfat-sanctions.1946,2018-04-12 08:19:11.352502,nan,,,,,,,,2018-04-12 08:19:11.352502
,au-dfat-sanctions.1962,2018-04-12 08:19:11.494350,nan,,,,,,,,2018-04-12 08:19:11.494350
,au-dfat-sanctions.1957,2018-04-12 08:19:11.527097,nan,,,,,,,,2018-04-12 08:19:10.867355
,au-dfat-sanctions.1769,2018-04-12 08:19:11.974760,nan,,,,,,,,2018-04-12 08:19:11.974760
,au-dfat-sanctions.1945,2018-04-12 08:19:12.149818,nan,,,,,,,,2018-04-12 08:19:10.627512
,au-dfat-sanctions.1819,2018-04-12 08:19:12.608083,nan,,,,,,,,2018-04-12 08:19:12.608083
,au-dfat-sanctions.1973,2018-04-12 08:19:12.716799,nan,,,,,,,,2018-04-12 08:19:11.594418
,au-dfat-sanctions.2199,2018-04-12 08:19:14.709032,nan,,,,,,,,2018-04-12 08:19:14.709032
,au-dfat-sanctions.2200,2018-04-12 08:19:14.750624,nan,,,,,,,,2018-04-12 08:19:14.750624
,au-dfat-sanctions.2205,2018-04-12 08:19:15.179329,nan,,,,,,,,2018-04-12 08:19:15.179329
,au-dfat-sanctions.2198,2018-04-12 08:19:15.828392,nan,,,,,,,,2018-04-12 08:19:15.828392
,au-dfat-sanctions.2249,2018-04-12 08:19:16.775734,nan,,,,,,,,2018-04-12 08:19:15.904343
,au-dfat-sanctions.2263,2018-04-12 08:19:17.142654,nan,,,,,,,,2018-04-12 08:19:16.567792
,au-dfat-sanctions.2263,2018-04-12 08:19:17.142654,nan,,,,,,,,2018-04-12 08:19:16.567219
,au-dfat-sanctions.2252,2018-04-12 08:19:17.144602,nan,,,,,,,,2018-04-12 08:19:16.183899
,au-dfat-sanctions.2293,2018-04-12 08:19:17.334631,nan,,,,,,,,2018-04-12 08:19:17.334631
,au-dfat-sanctions.2271,2018-04-12 08:19:17.501218,nan,,,,,,,,2018-04-12 08:19:16.925729
,au-dfat-sanctions.2276,2018-04-12 08:19:17.501049,nan,,,,,,,,2018-04-12 08:19:17.045854
,au-dfat-sanctions.2222,2018-04-12 08:19:17.693140,nan,,,,,,,,2018-04-12 08:19:17.693140
,au-dfat-sanctions.2317,2018-04-12 08:19:17.804761,nan,,,,,,,,2018-04-12 08:19:17.804761
,au-dfat-sanctions.2266,2018-04-12 08:19:17.884321,nan,,,,,,,,2018-04-12 08:19:16.201010
,au-dfat-sanctions.2300,2018-04-12 08:19:17.909953,nan,,,,,,,,2018-04-12 08:19:17.909953
,au-dfat-sanctions.2335,2018-04-12 08:19:18.535044,nan,,,,,,,,2018-04-12 08:19:18.535044
,au-dfat-sanctions.2337,2018-04-12 08:19:18.550930,nan,,,,,,,,2018-04-12 08:19:18.550930
,au-dfat-sanctions.2280,2018-04-12 08:19:18.783274,nan,,,,,,,,2018-04-12 08:19:16.777480
,au-dfat-sanctions.2258,2018-04-12 08:19:18.968258,nan,,,,,,,,2018-04-12 08:19:17.154465
,au-dfat-sanctions.2306,2018-04-12 08:19:19.137760,nan,,,,,,,,2018-04-12 08:19:18.193012
,au-dfat-sanctions.2393,2018-04-12 08:19:19.263805,nan,,,,,,,,2018-04-12 08:19:19.263805
,au-dfat-sanctions.2421,2018-04-12 08:19:19.303061,nan,,,,,,,,2018-04-12 08:19:19.303061
,au-dfat-sanctions.2352,2018-04-12 08:19:19.687782,nan,,,,,,,,2018-04-12 08:19:19.591114
,au-dfat-sanctions.1781,2018-04-12 08:19:08.087099,nan,,,,,,,,2018-04-12 08:19:08.087099
,au-dfat-sanctions.1724,2018-04-12 08:19:08.377031,nan,,,,,,,,2018-04-12 08:19:08.377031
,au-dfat-sanctions.1860,2018-04-12 08:19:08.640620,nan,,,,,,,,2018-04-12 08:19:08.640620
,au-dfat-sanctions.1799,2018-04-12 08:19:08.918901,nan,,,,,,,,2018-04-12 08:19:08.918901
,au-dfat-sanctions.1862,2018-04-12 08:19:09.209869,nan,,,,,,,,2018-04-12 08:19:09.209869
,au-dfat-sanctions.1813,2018-04-12 08:19:09.332482,nan,,,,,,,,2018-04-12 08:19:09.332482
,au-dfat-sanctions.1730,2018-04-12 08:19:09.360557,nan,,,,,,,,2018-04-12 08:19:09.360557
,au-dfat-sanctions.1793,2018-04-12 08:19:09.490896,nan,,,,,,,,2018-04-12 08:19:07.787240
,au-dfat-sanctions.1875,2018-04-12 08:19:09.801855,nan,,,,,,,,2018-04-12 08:19:09.801855
,au-dfat-sanctions.1914,2018-04-12 08:19:09.858069,nan,,,,,,,,2018-04-12 08:19:09.858069
,au-dfat-sanctions.1917,2018-04-12 08:19:09.882582,nan,,,,,,,,2018-04-12 08:19:09.585746
,au-dfat-sanctions.1885,2018-04-12 08:19:09.993576,nan,,,,,,,,2018-04-12 08:19:09.993576
,au-dfat-sanctions.1759,2018-04-12 08:19:10.001911,nan,,,,,,,,2018-04-12 08:19:08.649269
,au-dfat-sanctions.1846,2018-04-12 08:19:10.094019,nan,,,,,,,,2018-04-12 08:19:09.515954
,au-dfat-sanctions.1814,2018-04-12 08:19:10.802397,nan,,,,,,,,2018-04-12 08:19:09.690954
,au-dfat-sanctions.1901,2018-04-12 08:19:11.102506,nan,,,,,,,,2018-04-12 08:19:11.102506
,au-dfat-sanctions.1894,2018-04-12 08:19:11.277769,nan,,,,,,,,2018-04-12 08:19:11.277769
,au-dfat-sanctions.1941,2018-04-12 08:19:12.183265,nan,,,,,,,,2018-04-12 08:19:10.341116
,au-dfat-sanctions.1721,2018-04-12 08:19:12.275311,nan,,,,,,,,2018-04-12 08:19:07.439964
,au-dfat-sanctions.1279,2018-04-12 08:19:12.333267,nan,,,,,,,,2018-04-12 08:19:03.854762
,au-dfat-sanctions.1817,2018-04-12 08:19:12.461591,nan,,,,,,,,2018-04-12 08:19:12.461591
,au-dfat-sanctions.1286,2018-04-12 08:19:12.866740,nan,,,,,,,,2018-04-12 08:19:05.272401
,au-dfat-sanctions.2125,2018-04-12 08:19:15.067764,nan,,,,,,,,2018-04-12 08:19:13.883995
,au-dfat-sanctions.2217,2018-04-12 08:19:15.179322,nan,,,,,,,,2018-04-12 08:19:15.179322
,au-dfat-sanctions.2240,2018-04-12 08:19:15.675961,nan,,,,,,,,2018-04-12 08:19:15.675961
,au-dfat-sanctions.2223,2018-04-12 08:19:16.625602,nan,,,,,,,,2018-04-12 08:19:16.625602
,au-dfat-sanctions.2244,2018-04-12 08:19:16.750906,nan,,,,,,,,2018-04-12 08:19:16.079477
,au-dfat-sanctions.2257,2018-04-12 08:19:17.038017,nan,,,,,,,,2018-04-12 08:19:16.351170
,au-dfat-sanctions.2275,2018-04-12 08:19:17.045854,nan,,,,,,,,2018-04-12 08:19:17.045854
,au-dfat-sanctions.2286,2018-04-12 08:19:17.180409,nan,,,,,,,,2018-04-12 08:19:17.180409
,au-dfat-sanctions.2260,2018-04-12 08:19:17.429260,nan,,,,,,,,2018-04-12 08:19:15.817569
,au-dfat-sanctions.2318,2018-04-12 08:19:17.552414,nan,,,,,,,,2018-04-12 08:19:17.552414
,au-dfat-sanctions.2302,2018-04-12 08:19:17.804389,nan,,,,,,,,2018-04-12 08:19:17.804389
,au-dfat-sanctions.2312,2018-04-12 08:19:18.471811,nan,,,,,,,,2018-04-12 08:19:18.471811
,au-dfat-sanctions.2289,2018-04-12 08:19:18.465065,nan,,,,,,,,2018-04-12 08:19:18.465065
,au-dfat-sanctions.2322,2018-04-12 08:19:18.559444,nan,,,,,,,,2018-04-12 08:19:18.559444
,au-dfat-sanctions.2277,2018-04-12 08:19:18.675969,nan,,,,,,,,2018-04-12 08:19:17.709214
,au-dfat-sanctions.2323,2018-04-12 08:19:18.679275,nan,,,,,,,,2018-04-12 08:19:18.679275
,au-dfat-sanctions.2297,2018-04-12 08:19:18.771578,nan,,,,,,,,2018-04-12 08:19:17.250222
,au-dfat-sanctions.2327,2018-04-12 08:19:19.079555,nan,,,,,,,,2018-04-12 08:19:19.079555
,au-dfat-sanctions.1713,2018-04-12 08:19:07.933110,nan,,,,,,,,2018-04-12 08:19:07.933110
,au-dfat-sanctions.1703,2018-04-12 08:19:08.257410,nan,,,,,,,,2018-04-12 08:19:07.629913
,au-dfat-sanctions.1797,2018-04-12 08:19:08.335002,nan,,,,,,,,2018-04-12 08:19:08.335002
,au-dfat-sanctions.1804,2018-04-12 08:19:08.533974,nan,,,,,,,,2018-04-12 08:19:08.533974
,au-dfat-sanctions.1833,2018-04-12 08:19:08.710402,nan,,,,,,,,2018-04-12 08:19:08.710402
,au-dfat-sanctions.1285,2018-04-12 08:19:09.009955,nan,,,,,,,,2018-04-12 08:19:04.280396
,au-dfat-sanctions.1866,2018-04-12 08:19:09.159320,nan,,,,,,,,2018-04-12 08:19:09.159320
,au-dfat-sanctions.1732,2018-04-12 08:19:09.159621,nan,,,,,,,,2018-04-12 08:19:09.159621
,au-dfat-sanctions.1840,2018-04-12 08:19:09.336398,nan,,,,,,,,2018-04-12 08:19:09.336398
,au-dfat-sanctions.1850,2018-04-12 08:19:09.483681,nan,,,,,,,,2018-04-12 08:19:09.483681
,au-dfat-sanctions.1831,2018-04-12 08:19:09.507582,nan,,,,,,,,2018-04-12 08:19:09.507582
,au-dfat-sanctions.1782,2018-04-12 08:19:09.691326,nan,,,,,,,,2018-04-12 08:19:09.691326
,au-dfat-sanctions.1816,2018-04-12 08:19:09.708599,nan,,,,,,,,2018-04-12 08:19:09.601813
,au-dfat-sanctions.1876,2018-04-12 08:19:09.768766,nan,,,,,,,,2018-04-12 08:19:09.768766
,au-dfat-sanctions.1877,2018-04-12 08:19:10.010269,nan,,,,,,,,2018-04-12 08:19:09.993643
,au-dfat-sanctions.1879,2018-04-12 08:19:10.118657,nan,,,,,,,,2018-04-12 08:19:10.118657
,au-dfat-sanctions.1892,2018-04-12 08:19:10.418853,nan,,,,,,,,2018-04-12 08:19:10.418853
,au-dfat-sanctions.1883,2018-04-12 08:19:11.819168,nan,,,,,,,,2018-04-12 08:19:11.819168
,au-dfat-sanctions.1726,2018-04-12 08:19:12.065348,nan,,,,,,,,2018-04-12 08:19:08.543641
,au-dfat-sanctions.1931,2018-04-12 08:19:12.283515,nan,,,,,,,,2018-04-12 08:19:10.802251
,au-dfat-sanctions.1905,2018-04-12 08:19:12.541547,nan,,,,,,,,2018-04-12 08:19:12.541547
,au-dfat-sanctions.1956,2018-04-12 08:19:12.674960,nan,,,,,,,,2018-04-12 08:19:12.674960
,au-dfat-sanctions.1904,2018-04-12 08:19:12.850083,nan,,,,,,,,2018-04-12 08:19:12.850083
,au-dfat-sanctions.2204,2018-04-12 08:19:15.667038,nan,,,,,,,,2018-04-12 08:19:15.260239
,au-dfat-sanctions.2127,2018-04-12 08:19:15.800871,nan,,,,,,,,2018-04-12 08:19:15.564408
,au-dfat-sanctions.2209,2018-04-12 08:19:15.975758,nan,,,,,,,,2018-04-12 08:19:15.975758
,au-dfat-sanctions.2253,2018-04-12 08:19:16.079062,nan,,,,,,,,2018-04-12 08:19:16.079062
,au-dfat-sanctions.2251,2018-04-12 08:19:16.087469,nan,,,,,,,,2018-04-12 08:19:16.087469
,au-dfat-sanctions.2268,2018-04-12 08:19:16.184565,nan,,,,,,,,2018-04-12 08:19:16.184565
,au-dfat-sanctions.2255,2018-04-12 08:19:16.342613,nan,,,,,,,,2018-04-12 08:19:16.342613
,au-dfat-sanctions.2218,2018-04-12 08:19:16.617350,nan,,,,,,,,2018-04-12 08:19:16.617350
,au-dfat-sanctions.2219,2018-04-12 08:19:16.750819,nan,,,,,,,,2018-04-12 08:19:16.750819
,au-dfat-sanctions.2264,2018-04-12 08:19:16.862655,nan,,,,,,,,2018-04-12 08:19:16.862655
,au-dfat-sanctions.2278,2018-04-12 08:19:16.862546,nan,,,,,,,,2018-04-12 08:19:16.862546
,au-dfat-sanctions.2292,2018-04-12 08:19:16.959187,nan,,,,,,,,2018-04-12 08:19:16.959187
,au-dfat-sanctions.2282,2018-04-12 08:19:18.454217,nan,,,,,,,,2018-04-12 08:19:17.179125
,au-dfat-sanctions.2343,2018-04-12 08:19:18.466215,nan,,,,,,,,2018-04-12 08:19:18.466215
,au-dfat-sanctions.2307,2018-04-12 08:19:18.676188,nan,,,,,,,,2018-04-12 08:19:18.676188
,au-dfat-sanctions.2321,2018-04-12 08:19:18.677639,nan,,,,,,,,2018-04-12 08:19:18.677639
,au-dfat-sanctions.2332,2018-04-12 08:19:18.914003,nan,,,,,,,,2018-04-12 08:19:18.914003
,au-dfat-sanctions.2339,2018-04-12 08:19:19.262959,nan,,,,,,,,2018-04-12 08:19:19.262959
,au-dfat-sanctions.2299,2018-04-12 08:19:19.579427,nan,,,,,,,,2018-04-12 08:19:18.272614
,au-dfat-sanctions.2422,2018-04-12 08:19:19.584539,nan,,,,,,,,2018-04-12 08:19:19.584539
,au-dfat-sanctions.2531,2018-04-12 08:19:22.088458,nan,,,,,,,,2018-04-12 08:19:20.705293
,au-dfat-sanctions.2550,2018-04-12 08:19:26.639238,nan,,,,,,,,2018-04-12 08:19:21.835983
,au-dfat-sanctions.2652,2018-04-12 08:19:29.772910,nan,,,,,,,,2018-04-12 08:19:29.772910
,au-dfat-sanctions.2561,2018-04-12 08:19:30.879729,nan,,,,,,,,2018-04-12 08:19:23.135675
,au-dfat-sanctions.2686,2018-04-12 08:19:30.949117,nan,,,,,,,,2018-04-12 08:19:30.949117
,au-dfat-sanctions.2697,2018-04-12 08:19:31.062579,nan,,,,,,,,2018-04-12 08:19:31.062579
,au-dfat-sanctions.2713,2018-04-12 08:19:31.630002,nan,,,,,,,,2018-04-12 08:19:31.630002
,au-dfat-sanctions.2717,2018-04-12 08:19:31.679966,nan,,,,,,,,2018-04-12 08:19:31.679966
,au-dfat-sanctions.2689,2018-04-12 08:19:31.805006,nan,,,,,,,,2018-04-12 08:19:31.805006
,au-dfat-sanctions.2703,2018-04-12 08:19:31.907215,nan,,,,,,,,2018-04-12 08:19:31.907215
,au-dfat-sanctions.2731,2018-04-12 08:19:31.965550,nan,,,,,,,,2018-04-12 08:19:31.965550
,au-dfat-sanctions.2705,2018-04-12 08:19:33.074160,nan,,,,,,,,2018-04-12 08:19:33.074160
,au-dfat-sanctions.2720,2018-04-12 08:19:33.580152,nan,,,,,,,,2018-04-12 08:19:33.580152
,au-dfat-sanctions.2727,2018-04-12 08:19:33.947091,nan,,,,,,,,2018-04-12 08:19:33.947091
,au-dfat-sanctions.2724,2018-04-12 08:19:34.547135,nan,,,,,,,,2018-04-12 08:19:34.547135
,au-dfat-sanctions.2952,2018-04-12 08:19:35.063334,nan,,,,,,,,2018-04-12 08:19:35.063334
,au-dfat-sanctions.2726,2018-04-12 08:19:35.455346,nan,,,,,,,,2018-04-12 08:19:35.455346
,au-dfat-sanctions.2967,2018-04-12 08:19:36.063725,nan,,,,,,,,2018-04-12 08:19:36.063725
,au-dfat-sanctions.3017,2018-04-12 08:19:36.258551,nan,,,,,,,,2018-04-12 08:19:36.258551
,au-dfat-sanctions.2996,2018-04-12 08:19:36.441948,nan,,,,,,,,2018-04-12 08:19:36.441948
,au-dfat-sanctions.1720,2018-04-12 08:19:07.768043,nan,,,,,,,,2018-04-12 08:19:07.768043
,au-dfat-sanctions.1834,2018-04-12 08:19:08.526718,nan,,,,,,,,2018-04-12 08:19:08.526718
,au-dfat-sanctions.1754,2018-04-12 08:19:09.260356,nan,,,,,,,,2018-04-12 08:19:09.260356
,au-dfat-sanctions.1923,2018-04-12 08:19:09.401880,nan,,,,,,,,2018-04-12 08:19:09.401880
,au-dfat-sanctions.1299,2018-04-12 08:19:09.474081,nan,,,,,,,,2018-04-12 08:19:09.474081
,au-dfat-sanctions.1716,2018-04-12 08:19:09.618458,nan,,,,,,,,2018-04-12 08:19:09.618458
,au-dfat-sanctions.1143,2018-04-12 08:19:09.768772,nan,,,,,,,,2018-04-12 08:18:56.894395
,au-dfat-sanctions.1795,2018-04-12 08:19:10.226967,nan,,,,,,,,2018-04-12 08:19:10.226967
,au-dfat-sanctions.1765,2018-04-12 08:19:10.324188,nan,,,,,,,,2018-04-12 08:19:10.324188
,au-dfat-sanctions.1912,2018-04-12 08:19:10.419067,nan,,,,,,,,2018-04-12 08:19:08.918603
,au-dfat-sanctions.1809,2018-04-12 08:19:10.443548,nan,,,,,,,,2018-04-12 08:19:10.443548
,au-dfat-sanctions.1274,2018-04-12 08:19:10.610680,nan,,,,,,,,2018-04-12 08:19:02.654595
,au-dfat-sanctions.1897,2018-04-12 08:19:10.785655,nan,,,,,,,,2018-04-12 08:19:10.785655
,au-dfat-sanctions.1867,2018-04-12 08:19:10.891201,nan,,,,,,,,2018-04-12 08:19:08.640655
,au-dfat-sanctions.1748,2018-04-12 08:19:11.101950,nan,,,,,,,,2018-04-12 08:19:11.101950
,au-dfat-sanctions.1932,2018-04-12 08:19:11.277217,nan,,,,,,,,2018-04-12 08:19:11.277217
,au-dfat-sanctions.1887,2018-04-12 08:19:11.343741,nan,,,,,,,,2018-04-12 08:19:11.343741
,au-dfat-sanctions.1960,2018-04-12 08:19:11.627101,nan,,,,,,,,2018-04-12 08:19:11.627101
,au-dfat-sanctions.1966,2018-04-12 08:19:11.804674,nan,,,,,,,,2018-04-12 08:19:11.804674
,au-dfat-sanctions.1966,2018-04-12 08:19:11.810512,nan,,,,,,,,2018-04-12 08:19:11.810512
,au-dfat-sanctions.1764,2018-04-12 08:19:12.182940,nan,,,,,,,,2018-04-12 08:19:08.160311
,au-dfat-sanctions.1985,2018-04-12 08:19:12.258229,nan,,,,,,,,2018-04-12 08:19:12.258229
,au-dfat-sanctions.1950,2018-04-12 08:19:12.392808,nan,,,,,,,,2018-04-12 08:19:10.410552
,au-dfat-sanctions.1751,2018-04-12 08:19:13.044849,nan,,,,,,,,2018-04-12 08:19:13.044849
,au-dfat-sanctions.1934,2018-04-12 08:19:14.383893,nan,,,,,,,,2018-04-12 08:19:10.085608
,au-dfat-sanctions.1749,2018-04-12 08:19:15.608925,nan,,,,,,,,2018-04-12 08:19:09.882522
,au-dfat-sanctions.2207,2018-04-12 08:19:15.912043,nan,,,,,,,,2018-04-12 08:19:15.912043
,au-dfat-sanctions.2213,2018-04-12 08:19:16.008661,nan,,,,,,,,2018-04-12 08:19:16.008661
,au-dfat-sanctions.2234,2018-04-12 08:19:16.158873,nan,,,,,,,,2018-04-12 08:19:16.158873
,au-dfat-sanctions.2202,2018-04-12 08:19:16.287194,nan,,,,,,,,2018-04-12 08:19:16.287194
,au-dfat-sanctions.2262,2018-04-12 08:19:16.617282,nan,,,,,,,,2018-04-12 08:19:16.617282
,au-dfat-sanctions.2126,2018-04-12 08:19:16.625603,nan,,,,,,,,2018-04-12 08:19:15.186941
,au-dfat-sanctions.2237,2018-04-12 08:19:16.750739,nan,,,,,,,,2018-04-12 08:19:16.750739
,au-dfat-sanctions.2241,2018-04-12 08:19:17.312646,nan,,,,,,,,2018-04-12 08:19:17.312646
,au-dfat-sanctions.2283,2018-04-12 08:19:17.525716,nan,,,,,,,,2018-04-12 08:19:17.525716
,au-dfat-sanctions.2284,2018-04-12 08:19:17.804425,nan,,,,,,,,2018-04-12 08:19:17.804425
,au-dfat-sanctions.2296,2018-04-12 08:19:17.883912,nan,,,,,,,,2018-04-12 08:19:17.883912
,au-dfat-sanctions.2294,2018-04-12 08:19:18.176801,nan,,,,,,,,2018-04-12 08:19:18.176801
,au-dfat-sanctions.2239,2018-04-12 08:19:18.184607,nan,,,,,,,,2018-04-12 08:19:16.792141
,au-dfat-sanctions.2294,2018-04-12 08:19:18.192489,nan,,,,,,,,2018-04-12 08:19:18.192489
,au-dfat-sanctions.2331,2018-04-12 08:19:18.458571,nan,,,,,,,,2018-04-12 08:19:18.458571
,au-dfat-sanctions.2310,2018-04-12 08:19:18.572410,nan,,,,,,,,2018-04-12 08:19:18.572410
,au-dfat-sanctions.2314,2018-04-12 08:19:18.854313,nan,,,,,,,,2018-04-12 08:19:18.854313
,au-dfat-sanctions.2320,2018-04-12 08:19:18.975923,nan,,,,,,,,2018-04-12 08:19:18.975923
,au-dfat-sanctions.2298,2018-04-12 08:19:19.018031,nan,,,,,,,,2018-04-12 08:19:18.795996
,au-dfat-sanctions.2311,2018-04-12 08:19:19.017644,nan,,,,,,,,2018-04-12 08:19:19.017644
,au-dfat-sanctions.2315,2018-04-12 08:19:19.079786,nan,,,,,,,,2018-04-12 08:19:19.079786
,au-dfat-sanctions.2333,2018-04-12 08:19:19.229626,nan,,,,,,,,2018-04-12 08:19:19.229626
,au-dfat-sanctions.2336,2018-04-12 08:19:19.584551,nan,,,,,,,,2018-04-12 08:19:19.584551
,au-dfat-sanctions.2324,2018-04-12 08:19:20.271202,nan,,,,,,,,2018-04-12 08:19:20.271202
,au-dfat-sanctions.2326,2018-04-12 08:19:20.388048,nan,,,,,,,,2018-04-12 08:19:20.388048
,au-dfat-sanctions.2350,2018-04-12 08:19:20.588057,nan,,,,,,,,2018-04-12 08:19:20.588057
,au-dfat-sanctions.2537,2018-04-12 08:19:20.796450,nan,,,,,,,,2018-04-12 08:19:20.796450
,au-dfat-sanctions.2567,2018-04-12 08:19:26.123524,nan,,,,,,,,2018-04-12 08:19:25.278540
,au-dfat-sanctions.2345,2018-04-12 08:19:29.240397,nan,,,,,,,,2018-04-12 08:19:18.178692
,au-dfat-sanctions.2650,2018-04-12 08:19:30.387286,nan,,,,,,,,2018-04-12 08:19:29.964786
,au-dfat-sanctions.2580,2018-04-12 08:19:30.698131,nan,,,,,,,,2018-04-12 08:19:27.222886
,au-dfat-sanctions.2700,2018-04-12 08:19:31.254424,nan,,,,,,,,2018-04-12 08:19:31.254424
,au-dfat-sanctions.2581,2018-04-12 08:19:31.446552,nan,,,,,,,,2018-04-12 08:19:30.879432
,au-dfat-sanctions.2574,2018-04-12 08:19:31.454611,nan,,,,,,,,2018-04-12 08:19:26.817331
,au-dfat-sanctions.2582,2018-04-12 08:19:31.629994,nan,,,,,,,,2018-04-12 08:19:26.672374
,au-dfat-sanctions.2732,2018-04-12 08:19:31.629591,nan,,,,,,,,2018-04-12 08:19:31.629591
,au-dfat-sanctions.2733,2018-04-12 08:19:31.687924,nan,,,,,,,,2018-04-12 08:19:31.687924
,au-dfat-sanctions.2687,2018-04-12 08:19:31.829373,nan,,,,,,,,2018-04-12 08:19:31.829373
,au-dfat-sanctions.2698,2018-04-12 08:19:31.898784,nan,,,,,,,,2018-04-12 08:19:31.898784
,au-dfat-sanctions.2688,2018-04-12 08:19:31.939917,nan,,,,,,,,2018-04-12 08:19:31.939917
,au-dfat-sanctions.2729,2018-04-12 08:19:32.081764,nan,,,,,,,,2018-04-12 08:19:32.081764
,au-dfat-sanctions.2704,2018-04-12 08:19:32.148348,nan,,,,,,,,2018-04-12 08:19:32.148348
,au-dfat-sanctions.2690,2018-04-12 08:19:32.507143,nan,,,,,,,,2018-04-12 08:19:32.507143
,au-dfat-sanctions.2692,2018-04-12 08:19:32.563361,nan,,,,,,,,2018-04-12 08:19:32.563361
,au-dfat-sanctions.2728,2018-04-12 08:19:32.671622,nan,,,,,,,,2018-04-12 08:19:32.671622
,au-dfat-sanctions.2730,2018-04-12 08:19:32.732184,nan,,,,,,,,2018-04-12 08:19:32.732184
,au-dfat-sanctions.1706,2018-04-12 08:19:07.865862,nan,,,,,,,,2018-04-12 08:19:07.865862
,au-dfat-sanctions.1775,2018-04-12 08:19:08.440900,nan,,,,,,,,2018-04-12 08:19:08.440900
,au-dfat-sanctions.1789,2018-04-12 08:19:08.544068,nan,,,,,,,,2018-04-12 08:19:08.544068
,au-dfat-sanctions.1790,2018-04-12 08:19:09.099415,nan,,,,,,,,2018-04-12 08:19:09.099415
,au-dfat-sanctions.1806,2018-04-12 08:19:09.333293,nan,,,,,,,,2018-04-12 08:19:09.333293
,au-dfat-sanctions.1843,2018-04-12 08:19:09.499433,nan,,,,,,,,2018-04-12 08:19:09.499433
,au-dfat-sanctions.1766,2018-04-12 08:19:09.618741,nan,,,,,,,,2018-04-12 08:19:09.618741
,au-dfat-sanctions.1838,2018-04-12 08:19:09.857909,nan,,,,,,,,2018-04-12 08:19:09.857909
,au-dfat-sanctions.1872,2018-04-12 08:19:09.866082,nan,,,,,,,,2018-04-12 08:19:09.866082
,au-dfat-sanctions.1777,2018-04-12 08:19:09.977381,nan,,,,,,,,2018-04-12 08:19:09.977381
,au-dfat-sanctions.1854,2018-04-12 08:19:10.524619,nan,,,,,,,,2018-04-12 08:19:10.524619
,au-dfat-sanctions.1810,2018-04-12 08:19:10.627021,nan,,,,,,,,2018-04-12 08:19:09.699502
,au-dfat-sanctions.1857,2018-04-12 08:19:10.874669,nan,,,,,,,,2018-04-12 08:19:10.874669
,au-dfat-sanctions.1853,2018-04-12 08:19:10.969469,nan,,,,,,,,2018-04-12 08:19:10.969469
,au-dfat-sanctions.1859,2018-04-12 08:19:11.044012,nan,,,,,,,,2018-04-12 08:19:11.044012
,au-dfat-sanctions.1913,2018-04-12 08:19:11.044254,nan,,,,,,,,2018-04-12 08:19:11.044254
,au-dfat-sanctions.1915,2018-04-12 08:19:11.160801,nan,,,,,,,,2018-04-12 08:19:11.160801
,au-dfat-sanctions.1890,2018-04-12 08:19:11.860970,nan,,,,,,,,2018-04-12 08:19:11.860970
,au-dfat-sanctions.2211,2018-04-12 08:19:15.442274,nan,,,,,,,,2018-04-12 08:19:15.442274
,au-dfat-sanctions.1287,2018-04-12 08:19:15.800685,nan,,,,,,,,2018-04-12 08:19:05.116331
,au-dfat-sanctions.2206,2018-04-12 08:19:15.842449,nan,,,,,,,,2018-04-12 08:19:15.842449
,au-dfat-sanctions.2210,2018-04-12 08:19:16.025912,nan,,,,,,,,2018-04-12 08:19:16.025912
,au-dfat-sanctions.2224,2018-04-12 08:19:16.159365,nan,,,,,,,,2018-04-12 08:19:16.159365
,au-dfat-sanctions.2236,2018-04-12 08:19:16.217534,nan,,,,,,,,2018-04-12 08:19:15.731247
,au-dfat-sanctions.2242,2018-04-12 08:19:16.342613,nan,,,,,,,,2018-04-12 08:19:16.342613
,au-dfat-sanctions.2231,2018-04-12 08:19:16.392627,nan,,,,,,,,2018-04-12 08:19:16.392627
,au-dfat-sanctions.2233,2018-04-12 08:19:16.617713,nan,,,,,,,,2018-04-12 08:19:16.617713
,au-dfat-sanctions.2254,2018-04-12 08:19:16.751182,nan,,,,,,,,2018-04-12 08:19:16.751182
,au-dfat-sanctions.2246,2018-04-12 08:19:16.854552,nan,,,,,,,,2018-04-12 08:19:16.854552
,au-dfat-sanctions.2250,2018-04-12 08:19:16.925738,nan,,,,,,,,2018-04-12 08:19:15.617388
,au-dfat-sanctions.2201,2018-04-12 08:19:16.984402,nan,,,,,,,,2018-04-12 08:19:16.984402
,au-dfat-sanctions.2279,2018-04-12 08:19:17.501065,nan,,,,,,,,2018-04-12 08:19:17.501065
,au-dfat-sanctions.2291,2018-04-12 08:19:17.709384,nan,,,,,,,,2018-04-12 08:19:17.709384
,au-dfat-sanctions.2290,2018-04-12 08:19:18.177198,nan,,,,,,,,2018-04-12 08:19:18.177198
,au-dfat-sanctions.2273,2018-04-12 08:19:18.384427,nan,,,,,,,,2018-04-12 08:19:17.162637
,au-dfat-sanctions.2301,2018-04-12 08:19:18.576266,nan,,,,,,,,2018-04-12 08:19:18.576266
,au-dfat-sanctions.2220,2018-04-12 08:19:18.610600,nan,,,,,,,,2018-04-12 08:19:18.610600
,au-dfat-sanctions.2304,2018-04-12 08:19:19.113092,nan,,,,,,,,2018-04-12 08:19:19.113092
,au-dfat-sanctions.2308,2018-04-12 08:19:19.121501,nan,,,,,,,,2018-04-12 08:19:19.121501
,au-dfat-sanctions.2319,2018-04-12 08:19:19.263385,nan,,,,,,,,2018-04-12 08:19:19.263385
,au-dfat-sanctions.2303,2018-04-12 08:19:19.313762,nan,,,,,,,,2018-04-12 08:19:19.313762
,au-dfat-sanctions.2334,2018-04-12 08:19:19.585368,nan,,,,,,,,2018-04-12 08:19:19.585368
,au-dfat-sanctions.2316,2018-04-12 08:19:19.679969,nan,,,,,,,,2018-04-12 08:19:19.679969
,au-dfat-sanctions.2325,2018-04-12 08:19:19.696477,nan,,,,,,,,2018-04-12 08:19:19.696477
,au-dfat-sanctions.2338,2018-04-12 08:19:19.768400,nan,,,,,,,,2018-04-12 08:19:19.768400
,au-dfat-sanctions.2480,2018-04-12 08:19:19.821625,nan,,,,,,,,2018-04-12 08:19:19.821625
,au-dfat-sanctions.2346,2018-04-12 08:19:19.943443,nan,,,,,,,,2018-04-12 08:19:19.943443
,au-dfat-sanctions.2486,2018-04-12 08:19:20.335147,nan,,,,,,,,2018-04-12 08:19:20.335147
,au-dfat-sanctions.2285,2018-04-12 08:19:20.893713,nan,,,,,,,,2018-04-12 08:19:17.309453
,au-dfat-sanctions.2529,2018-04-12 08:19:21.452061,nan,,,,,,,,2018-04-12 08:19:19.821668
,au-dfat-sanctions.2536,2018-04-12 08:19:23.997176,nan,,,,,,,,2018-04-12 08:19:22.218992
,au-dfat-sanctions.2553,2018-04-12 08:19:24.935793,nan,,,,,,,,2018-04-12 08:19:22.402113
,au-dfat-sanctions.2562,2018-04-12 08:19:25.487415,nan,,,,,,,,2018-04-12 08:19:23.655628
,au-dfat-sanctions.2563,2018-04-12 08:19:25.747493,nan,,,,,,,,2018-04-12 08:19:23.827187
,au-dfat-sanctions.2564,2018-04-12 08:19:25.853484,nan,,,,,,,,2018-04-12 08:19:25.572782
,au-dfat-sanctions.2547,2018-04-12 08:19:27.012193,nan,,,,,,,,2018-04-12 08:19:23.055653
,au-dfat-sanctions.2638,2018-04-12 08:19:27.231440,nan,,,,,,,,2018-04-12 08:19:27.231440
,au-dfat-sanctions.1719,2018-04-12 08:19:08.043498,nan,,,,,,,,2018-04-12 08:19:07.033839
,au-dfat-sanctions.1786,2018-04-12 08:19:08.160839,nan,,,,,,,,2018-04-12 08:19:08.160839
,au-dfat-sanctions.1865,2018-04-12 08:19:08.459725,nan,,,,,,,,2018-04-12 08:19:08.459725
,au-dfat-sanctions.1837,2018-04-12 08:19:08.632458,nan,,,,,,,,2018-04-12 08:19:08.632458
,au-dfat-sanctions.1739,2018-04-12 08:19:08.710343,nan,,,,,,,,2018-04-12 08:19:07.948988
,au-dfat-sanctions.1870,2018-04-12 08:19:08.900018,nan,,,,,,,,2018-04-12 08:19:08.900018
,au-dfat-sanctions.1858,2018-04-12 08:19:09.260357,nan,,,,,,,,2018-04-12 08:19:09.260357
,au-dfat-sanctions.1936,2018-04-12 08:19:09.393715,nan,,,,,,,,2018-04-12 08:19:09.393715
,au-dfat-sanctions.1886,2018-04-12 08:19:09.476671,nan,,,,,,,,2018-04-12 08:19:09.476671
,au-dfat-sanctions.1271,2018-04-12 08:19:10.018823,nan,,,,,,,,2018-04-12 08:19:02.207845
,au-dfat-sanctions.1961,2018-04-12 08:19:11.164464,nan,,,,,,,,2018-04-12 08:19:11.164464
,au-dfat-sanctions.1937,2018-04-12 08:19:11.285822,nan,,,,,,,,2018-04-12 08:19:10.160256
,au-dfat-sanctions.1938,2018-04-12 08:19:11.461087,nan,,,,,,,,2018-04-12 08:19:10.618906
,au-dfat-sanctions.1906,2018-04-12 08:19:12.966668,nan,,,,,,,,2018-04-12 08:19:12.966668
,au-dfat-sanctions.2172,2018-04-12 08:19:15.468665,nan,,,,,,,,2018-04-12 08:19:15.468665
,au-dfat-sanctions.1745,2018-04-12 08:19:15.984119,nan,,,,,,,,2018-04-12 08:19:15.984119
,au-dfat-sanctions.2214,2018-04-12 08:19:15.983902,nan,,,,,,,,2018-04-12 08:19:15.983902
,au-dfat-sanctions.2215,2018-04-12 08:19:16.087521,nan,,,,,,,,2018-04-12 08:19:16.087521
,au-dfat-sanctions.2216,2018-04-12 08:19:16.280279,nan,,,,,,,,2018-04-12 08:19:16.280279
,au-dfat-sanctions.1811,2018-04-12 08:19:16.342613,nan,,,,,,,,2018-04-12 08:19:16.342613
,au-dfat-sanctions.1842,2018-04-12 08:19:16.862606,nan,,,,,,,,2018-04-12 08:19:16.862606
,au-dfat-sanctions.1851,2018-04-12 08:19:17.154142,nan,,,,,,,,2018-04-12 08:19:17.154142
,au-dfat-sanctions.2256,2018-04-12 08:19:17.312646,nan,,,,,,,,2018-04-12 08:19:17.312646
,au-dfat-sanctions.2340,2018-04-12 08:19:18.351899,nan,,,,,,,,2018-04-12 08:19:18.351899
,au-dfat-sanctions.2342,2018-04-12 08:19:18.458565,nan,,,,,,,,2018-04-12 08:19:18.458565
,au-dfat-sanctions.2344,2018-04-12 08:19:18.740347,nan,,,,,,,,2018-04-12 08:19:18.740347
,au-dfat-sanctions.2347,2018-04-12 08:19:19.514460,nan,,,,,,,,2018-04-12 08:19:19.514460
,au-dfat-sanctions.2348,2018-04-12 08:19:19.646660,nan,,,,,,,,2018-04-12 08:19:19.646660
,au-dfat-sanctions.2376,2018-04-12 08:19:19.768253,nan,,,,,,,,2018-04-12 08:19:19.768253
,au-dfat-sanctions.2235,2018-04-12 08:19:19.871400,nan,,,,,,,,2018-04-12 08:19:19.871400
,au-dfat-sanctions.2305,2018-04-12 08:19:20.255081,nan,,,,,,,,2018-04-12 08:19:18.957869
,au-dfat-sanctions.2248,2018-04-12 08:19:20.404901,nan,,,,,,,,2018-04-12 08:19:16.288390
,au-dfat-sanctions.2281,2018-04-12 08:19:21.004950,nan,,,,,,,,2018-04-12 08:19:17.336419
,au-dfat-sanctions.2267,2018-04-12 08:19:21.171792,nan,,,,,,,,2018-04-12 08:19:16.752098
,au-dfat-sanctions.2295,2018-04-12 08:19:21.326842,nan,,,,,,,,2018-04-12 08:19:21.326842
,au-dfat-sanctions.2330,2018-04-12 08:19:21.643607,nan,,,,,,,,2018-04-12 08:19:21.643607
,au-dfat-sanctions.2328,2018-04-12 08:19:22.952317,nan,,,,,,,,2018-04-12 08:19:22.952317
,au-dfat-sanctions.2478,2018-04-12 08:19:23.327242,nan,,,,,,,,2018-04-12 08:19:23.327242
,au-dfat-sanctions.2530,2018-04-12 08:19:23.655626,nan,,,,,,,,2018-04-12 08:19:20.004793
,au-dfat-sanctions.2680,2018-04-12 08:19:30.548382,nan,,,,,,,,2018-04-12 08:19:30.548382
,au-dfat-sanctions.2681,2018-04-12 08:19:30.879273,nan,,,,,,,,2018-04-12 08:19:30.879273
,au-dfat-sanctions.2683,2018-04-12 08:19:31.063719,nan,,,,,,,,2018-04-12 08:19:31.063719
,au-dfat-sanctions.2551,2018-04-12 08:19:31.165578,nan,,,,,,,,2018-04-12 08:19:23.238997
,au-dfat-sanctions.2716,2018-04-12 08:19:31.164910,nan,,,,,,,,2018-04-12 08:19:31.164910
,au-dfat-sanctions.2701,2018-04-12 08:19:31.279296,nan,,,,,,,,2018-04-12 08:19:31.279296
,au-dfat-sanctions.2702,2018-04-12 08:19:31.446157,nan,,,,,,,,2018-04-12 08:19:31.446157
,au-dfat-sanctions.2708,2018-04-12 08:19:32.981890,nan,,,,,,,,2018-04-12 08:19:32.981890
,au-dfat-sanctions.2722,2018-04-12 08:19:33.388089,nan,,,,,,,,2018-04-12 08:19:33.388089
,au-dfat-sanctions.2723,2018-04-12 08:19:33.800395,nan,,,,,,,,2018-04-12 08:19:33.800395
,au-dfat-sanctions.2693,2018-04-12 08:19:34.129687,nan,,,,,,,,2018-04-12 08:19:34.129687
,au-dfat-sanctions.2957,2018-04-12 08:19:35.280013,nan,,,,,,,,2018-04-12 08:19:35.280013
,au-dfat-sanctions.2962,2018-04-12 08:19:35.430081,nan,,,,,,,,2018-04-12 08:19:35.430081
,au-dfat-sanctions.2965,2018-04-12 08:19:35.488699,nan,,,,,,,,2018-04-12 08:19:35.488699
,au-dfat-sanctions.2718,2018-04-12 08:19:35.830445,nan,,,,,,,,2018-04-12 08:19:32.140348
,au-dfat-sanctions.2699,2018-04-12 08:19:35.932519,nan,,,,,,,,2018-04-12 08:19:35.932519
,au-dfat-sanctions.3003,2018-04-12 08:19:36.046908,nan,,,,,,,,2018-04-12 08:19:36.046908
,au-dfat-sanctions.2964,2018-04-12 08:19:36.115960,nan,,,,,,,,2018-04-12 08:19:36.115960
,au-dfat-sanctions.2955,2018-04-12 08:19:36.499524,nan,,,,,,,,2018-04-12 08:19:36.499524
,au-dfat-sanctions.2959,2018-04-12 08:19:36.580786,nan,,,,,,,,2018-04-12 08:19:36.580786
,au-dfat-sanctions.3008,2018-04-12 08:19:36.597379,nan,,,,,,,,2018-04-12 08:19:36.597379
,au-dfat-sanctions.3038,2018-04-12 08:19:36.655610,nan,,,,,,,,2018-04-12 08:19:36.655610
,au-dfat-sanctions.2949,2018-04-12 08:19:36.722690,nan,,,,,,,,2018-04-12 08:19:35.080056
,au-dfat-sanctions.3013,2018-04-12 08:19:36.739043,nan,,,,,,,,2018-04-12 08:19:36.739043
,au-dfat-sanctions.2971,2018-04-12 08:19:36.864476,nan,,,,,,,,2018-04-12 08:19:35.671739
,au-dfat-sanctions.3016,2018-04-12 08:19:36.864098,nan,,,,,,,,2018-04-12 08:19:36.864098
,au-dfat-sanctions.1779,2018-04-12 08:19:08.185757,nan,,,,,,,,2018-04-12 08:19:08.185757
,au-dfat-sanctions.1835,2018-04-12 08:19:09.035665,nan,,,,,,,,2018-04-12 08:19:08.735476
,au-dfat-sanctions.1836,2018-04-12 08:19:09.159870,nan,,,,,,,,2018-04-12 08:19:09.159870
,au-dfat-sanctions.1288,2018-04-12 08:19:09.226729,nan,,,,,,,,2018-04-12 08:19:05.230082
,au-dfat-sanctions.1841,2018-04-12 08:19:09.335098,nan,,,,,,,,2018-04-12 08:19:09.335098
,au-dfat-sanctions.1852,2018-04-12 08:19:09.491120,nan,,,,,,,,2018-04-12 08:19:09.491120
,au-dfat-sanctions.1927,2018-04-12 08:19:09.865896,nan,,,,,,,,2018-04-12 08:19:09.865896
,au-dfat-sanctions.1930,2018-04-12 08:19:10.144046,nan,,,,,,,,2018-04-12 08:19:10.018553
,au-dfat-sanctions.1916,2018-04-12 08:19:10.418925,nan,,,,,,,,2018-04-12 08:19:10.418925
,au-dfat-sanctions.1783,2018-04-12 08:19:11.277357,nan,,,,,,,,2018-04-12 08:19:11.277357
,au-dfat-sanctions.1944,2018-04-12 08:19:12.175448,nan,,,,,,,,2018-04-12 08:19:10.324407
,au-dfat-sanctions.2272,2018-04-12 08:19:17.359255,nan,,,,,,,,2018-04-12 08:19:17.310005
,au-dfat-sanctions.2341,2018-04-12 08:19:17.804347,nan,,,,,,,,2018-04-12 08:19:17.804347
,au-dfat-sanctions.2309,2018-04-12 08:19:18.184426,nan,,,,,,,,2018-04-12 08:19:18.184426
,au-dfat-sanctions.2274,2018-04-12 08:19:18.271280,nan,,,,,,,,2018-04-12 08:19:16.792369
,au-dfat-sanctions.2287,2018-04-12 08:19:18.584759,nan,,,,,,,,2018-04-12 08:19:17.684398
,au-dfat-sanctions.2349,2018-04-12 08:19:19.646573,nan,,,,,,,,2018-04-12 08:19:19.646573
,au-dfat-sanctions.2535,2018-04-12 08:19:21.078140,nan,,,,,,,,2018-04-12 08:19:20.996440
,au-dfat-sanctions.2355,2018-04-12 08:19:22.689389,nan,,,,,,,,2018-04-12 08:19:19.024083
,au-dfat-sanctions.2524,2018-04-12 08:19:22.785613,nan,,,,,,,,2018-04-12 08:19:19.862809
,au-dfat-sanctions.2552,2018-04-12 08:19:25.205467,nan,,,,,,,,2018-04-12 08:19:21.977080
,au-dfat-sanctions.2682,2018-04-12 08:19:30.472888,nan,,,,,,,,2018-04-12 08:19:30.472888
,au-dfat-sanctions.2694,2018-04-12 08:19:30.589631,nan,,,,,,,,2018-04-12 08:19:30.589631
,au-dfat-sanctions.2695,2018-04-12 08:19:30.880180,nan,,,,,,,,2018-04-12 08:19:30.880180
,au-dfat-sanctions.2715,2018-04-12 08:19:30.989645,nan,,,,,,,,2018-04-12 08:19:30.989645
,au-dfat-sanctions.2696,2018-04-12 08:19:31.156574,nan,,,,,,,,2018-04-12 08:19:31.156574
,au-dfat-sanctions.2684,2018-04-12 08:19:31.356484,nan,,,,,,,,2018-04-12 08:19:31.356484
,au-dfat-sanctions.2685,2018-04-12 08:19:31.479285,nan,,,,,,,,2018-04-12 08:19:31.479285
,au-dfat-sanctions.2691,2018-04-12 08:19:31.505622,nan,,,,,,,,2018-04-12 08:19:31.505622
,au-dfat-sanctions.2706,2018-04-12 08:19:32.898413,nan,,,,,,,,2018-04-12 08:19:32.898413
,au-dfat-sanctions.2721,2018-04-12 08:19:33.490644,nan,,,,,,,,2018-04-12 08:19:33.490644
,au-dfat-sanctions.2719,2018-04-12 08:19:33.614332,nan,,,,,,,,2018-04-12 08:19:33.614332
,au-dfat-sanctions.2711,2018-04-12 08:19:33.867598,nan,,,,,,,,2018-04-12 08:19:33.867598
,au-dfat-sanctions.2968,2018-04-12 08:19:35.621823,nan,,,,,,,,2018-04-12 08:19:35.621823
,au-dfat-sanctions.2956,2018-04-12 08:19:35.663553,nan,,,,,,,,2018-04-12 08:19:35.663553
,au-dfat-sanctions.2960,2018-04-12 08:19:35.808393,nan,,,,,,,,2018-04-12 08:19:35.808393
,au-dfat-sanctions.3014,2018-04-12 08:19:35.988679,nan,,,,,,,,2018-04-12 08:19:35.988679
,au-dfat-sanctions.3000,2018-04-12 08:19:36.030081,nan,,,,,,,,2018-04-12 08:19:36.030081
,au-dfat-sanctions.3004,2018-04-12 08:19:36.124051,nan,,,,,,,,2018-04-12 08:19:36.124051
,au-dfat-sanctions.2999,2018-04-12 08:19:36.174171,nan,,,,,,,,2018-04-12 08:19:36.174171
,au-dfat-sanctions.2674,2018-04-12 08:19:36.322773,nan,,,,,,,,2018-04-12 08:19:32.131840
,au-dfat-sanctions.2953,2018-04-12 08:19:36.380694,nan,,,,,,,,2018-04-12 08:19:33.971846
,au-dfat-sanctions.2951,2018-04-12 08:19:36.482816,nan,,,,,,,,2018-04-12 08:19:34.398452
,au-dfat-sanctions.2974,2018-04-12 08:19:36.580491,nan,,,,,,,,2018-04-12 08:19:36.580491
,au-dfat-sanctions.3011,2018-04-12 08:19:36.606370,nan,,,,,,,,2018-04-12 08:19:36.606370
,au-dfat-sanctions.3010,2018-04-12 08:19:36.647128,nan,,,,,,,,2018-04-12 08:19:36.647128
,au-dfat-sanctions.3023,2018-04-12 08:19:36.764009,nan,,,,,,,,2018-04-12 08:19:36.764009
,au-dfat-sanctions.3019,2018-04-12 08:19:36.765584,nan,,,,,,,,2018-04-12 08:19:36.765584
,au-dfat-sanctions.2712,2018-04-12 08:19:37.006017,nan,,,,,,,,2018-04-12 08:19:37.006017
,au-dfat-sanctions.3002,2018-04-12 08:19:37.197776,nan,,,,,,,,2018-04-12 08:19:37.197776
,au-dfat-sanctions.3082,2018-04-12 08:20:11.828899,nan,,,,,,,,2018-04-12 08:20:07.006731
,au-dfat-sanctions.3180,2018-04-12 08:21:37.399449,nan,,,,,,,,2018-04-12 08:21:16.678205
,au-dfat-sanctions.3154,2018-04-12 08:21:37.691022,nan,,,,,,,,2018-04-12 08:21:37.691022
,au-dfat-sanctions.3261,2018-04-12 08:21:46.116810,nan,,,,,,,,2018-04-12 08:21:45.274801
,au-dfat-sanctions.3209,2018-04-12 08:21:47.941660,nan,,,,,,,,2018-04-12 08:21:47.941660
,au-dfat-sanctions.3325,2018-04-12 08:21:49.208646,nan,,,,,,,,2018-04-12 08:21:49.208646
,au-dfat-sanctions.3319,2018-04-12 08:21:50.500072,nan,,,,,,,,2018-04-12 08:21:50.500072
,au-dfat-sanctions.3355,2018-04-12 08:21:50.833762,nan,,,,,,,,2018-04-12 08:21:50.833762
,au-dfat-sanctions.3367,2018-04-12 08:21:51.208765,nan,,,,,,,,2018-04-12 08:21:51.208765
,au-dfat-sanctions.3391,2018-04-12 08:21:51.583860,nan,,,,,,,,2018-04-12 08:21:51.583860
,au-dfat-sanctions.3394,2018-04-12 08:21:51.696099,nan,,,,,,,,2018-04-12 08:21:51.696099
,au-dfat-sanctions.3371,2018-04-12 08:21:51.859275,nan,,,,,,,,2018-04-12 08:21:51.859275
,au-dfat-sanctions.3406,2018-04-12 08:21:52.108801,nan,,,,,,,,2018-04-12 08:21:52.108801
,au-dfat-sanctions.3401,2018-04-12 08:21:52.825663,nan,,,,,,,,2018-04-12 08:21:52.825663
,au-dfat-sanctions.3326,2018-04-12 08:21:55.109197,nan,,,,,,,,2018-04-12 08:21:55.109197
,au-dfat-sanctions.3400,2018-04-12 08:21:58.403037,nan,,,,,,,,2018-04-12 08:21:52.058619
,au-dfat-sanctions.3268,2018-04-12 08:22:03.094531,nan,,,,,,,,2018-04-12 08:21:47.608595
,au-dfat-sanctions.3222,2018-04-12 08:22:51.053048,nan,,,,,,,,2018-04-12 08:22:03.629437
,au-dfat-sanctions.2707,2018-04-12 08:19:37.006006,nan,,,,,,,,2018-04-12 08:19:37.006006
,au-dfat-sanctions.2973,2018-04-12 08:19:37.507903,nan,,,,,,,,2018-04-12 08:19:37.507903
,au-dfat-sanctions.3065,2018-04-12 08:19:53.483173,nan,,,,,,,,2018-04-12 08:19:39.758427
,au-dfat-sanctions.3103,2018-04-12 08:20:07.149517,nan,,,,,,,,2018-04-12 08:20:06.033899
,au-dfat-sanctions.3120,2018-04-12 08:20:17.226352,nan,,,,,,,,2018-04-12 08:20:08.459512
,au-dfat-sanctions.3183,2018-04-12 08:21:37.724667,nan,,,,,,,,2018-04-12 08:21:19.733445
,au-dfat-sanctions.3260,2018-04-12 08:21:45.866278,nan,,,,,,,,2018-04-12 08:21:45.591566
,au-dfat-sanctions.3275,2018-04-12 08:21:48.800647,nan,,,,,,,,2018-04-12 08:21:48.800647
,au-dfat-sanctions.3322,2018-04-12 08:21:49.425581,nan,,,,,,,,2018-04-12 08:21:49.425581
,au-dfat-sanctions.3435,2018-04-12 08:21:53.658906,nan,,,,,,,,2018-04-12 08:21:53.350831
,au-dfat-sanctions.3437,2018-04-12 08:21:53.959137,nan,,,,,,,,2018-04-12 08:21:53.750942
,au-dfat-sanctions.3005,2018-04-12 08:19:37.308115,nan,,,,,,,,2018-04-12 08:19:37.308115
,au-dfat-sanctions.3012,2018-04-12 08:19:37.583323,nan,,,,,,,,2018-04-12 08:19:37.583323
,au-dfat-sanctions.2976,2018-04-12 08:19:37.864717,nan,,,,,,,,2018-04-12 08:19:37.864717
,au-dfat-sanctions.3028,2018-04-12 08:19:38.108543,nan,,,,,,,,2018-04-12 08:19:38.108543
,au-dfat-sanctions.2987,2018-04-12 08:19:38.973105,nan,,,,,,,,2018-04-12 08:19:36.065263
,au-dfat-sanctions.3059,2018-04-12 08:19:41.048562,nan,,,,,,,,2018-04-12 08:19:39.957061
,au-dfat-sanctions.3083,2018-04-12 08:20:00.034503,nan,,,,,,,,2018-04-12 08:19:55.118246
,au-dfat-sanctions.3119,2018-04-12 08:20:22.973538,nan,,,,,,,,2018-04-12 08:20:10.282449
,au-dfat-sanctions.3202,2018-04-12 08:21:37.699460,nan,,,,,,,,2018-04-12 08:21:37.699460
,au-dfat-sanctions.3193,2018-04-12 08:21:40.733072,nan,,,,,,,,2018-04-12 08:21:35.607621
,au-dfat-sanctions.3271,2018-04-12 08:21:49.008507,nan,,,,,,,,2018-04-12 08:21:48.341628
,au-dfat-sanctions.3351,2018-04-12 08:21:50.833592,nan,,,,,,,,2018-04-12 08:21:50.833592
,au-dfat-sanctions.3363,2018-04-12 08:21:51.109565,nan,,,,,,,,2018-04-12 08:21:51.109565
,au-dfat-sanctions.3383,2018-04-12 08:21:51.400415,nan,,,,,,,,2018-04-12 08:21:51.400415
,au-dfat-sanctions.3384,2018-04-12 08:21:51.583859,nan,,,,,,,,2018-04-12 08:21:51.583859
,au-dfat-sanctions.3387,2018-04-12 08:21:51.776219,nan,,,,,,,,2018-04-12 08:21:51.776219
,au-dfat-sanctions.3392,2018-04-12 08:21:51.892103,nan,,,,,,,,2018-04-12 08:21:51.892103
,au-dfat-sanctions.3369,2018-04-12 08:21:52.069712,nan,,,,,,,,2018-04-12 08:21:52.069712
,au-dfat-sanctions.3373,2018-04-12 08:21:52.325282,nan,,,,,,,,2018-04-12 08:21:52.325282
,au-dfat-sanctions.3426,2018-04-12 08:21:53.317127,nan,,,,,,,,2018-04-12 08:21:52.483943
,au-dfat-sanctions.3303,2018-04-12 08:21:53.967285,nan,,,,,,,,2018-04-12 08:21:48.836966
,au-dfat-sanctions.3315,2018-04-12 08:21:54.826067,nan,,,,,,,,2018-04-12 08:21:49.008514
,au-dfat-sanctions.3557,2018-04-12 08:21:58.019650,nan,,,,,,,,2018-04-12 08:21:56.809477
,au-dfat-sanctions.2980,2018-04-12 08:19:37.074526,nan,,,,,,,,2018-04-12 08:19:37.074526
,au-dfat-sanctions.3068,2018-04-12 08:19:50.789977,nan,,,,,,,,2018-04-12 08:19:43.100084
,au-dfat-sanctions.3109,2018-04-12 08:20:21.476183,nan,,,,,,,,2018-04-12 08:20:20.692411
,au-dfat-sanctions.3186,2018-04-12 08:21:36.316364,nan,,,,,,,,2018-04-12 08:21:36.316364
,au-dfat-sanctions.3332,2018-04-12 08:21:49.333585,nan,,,,,,,,2018-04-12 08:21:49.333585
,au-dfat-sanctions.3361,2018-04-12 08:21:51.033689,nan,,,,,,,,2018-04-12 08:21:51.033689
,au-dfat-sanctions.3389,2018-04-12 08:21:51.784195,nan,,,,,,,,2018-04-12 08:21:51.583820
,au-dfat-sanctions.3398,2018-04-12 08:21:51.858837,nan,,,,,,,,2018-04-12 08:21:51.858837
,au-dfat-sanctions.3388,2018-04-12 08:21:52.325282,nan,,,,,,,,2018-04-12 08:21:52.325282
,au-dfat-sanctions.3393,2018-04-12 08:21:52.625542,nan,,,,,,,,2018-04-12 08:21:52.625542
,au-dfat-sanctions.3448,2018-04-12 08:21:55.755503,nan,,,,,,,,2018-04-12 08:21:55.755503
,au-dfat-sanctions.3449,2018-04-12 08:21:56.826360,nan,,,,,,,,2018-04-12 08:21:53.658986
,au-dfat-sanctions.3309,2018-04-12 08:21:58.027668,nan,,,,,,,,2018-04-12 08:21:58.027668
,au-dfat-sanctions.3444,2018-04-12 08:21:58.377139,nan,,,,,,,,2018-04-12 08:21:53.542339
,au-dfat-sanctions.3555,2018-04-12 08:22:00.060540,nan,,,,,,,,2018-04-12 08:21:56.092579
,au-dfat-sanctions.3241,2018-04-12 08:22:02.919415,nan,,,,,,,,2018-04-12 08:21:52.092164
,au-dfat-sanctions.2981,2018-04-12 08:19:37.307731,nan,,,,,,,,2018-04-12 08:19:37.307731
,au-dfat-sanctions.3044,2018-04-12 08:19:39.100225,nan,,,,,,,,2018-04-12 08:19:36.647205
,au-dfat-sanctions.3057,2018-04-12 08:19:42.790025,nan,,,,,,,,2018-04-12 08:19:38.340860
,au-dfat-sanctions.3109,2018-04-12 08:20:21.476183,nan,,,,,,,,2018-04-12 08:20:20.692349
,au-dfat-sanctions.3199,2018-04-12 08:21:37.108325,nan,,,,,,,,2018-04-12 08:21:37.108325
,au-dfat-sanctions.3201,2018-04-12 08:21:40.306005,nan,,,,,,,,2018-04-12 08:21:37.924888
,au-dfat-sanctions.3318,2018-04-12 08:21:49.583857,nan,,,,,,,,2018-04-12 08:21:49.583857
,au-dfat-sanctions.3327,2018-04-12 08:21:51.466831,nan,,,,,,,,2018-04-12 08:21:51.466831
,au-dfat-sanctions.3317,2018-04-12 08:21:54.650886,nan,,,,,,,,2018-04-12 08:21:54.650886
,au-dfat-sanctions.3042,2018-04-12 08:19:37.624976,nan,,,,,,,,2018-04-12 08:19:36.355275
,au-dfat-sanctions.3159,2018-04-12 08:20:56.475039,nan,,,,,,,,2018-04-12 08:20:55.866393
,au-dfat-sanctions.3147,2018-04-12 08:21:00.001379,nan,,,,,,,,2018-04-12 08:20:52.842033
,au-dfat-sanctions.3138,2018-04-12 08:21:13.550493,nan,,,,,,,,2018-04-12 08:20:42.141201
,au-dfat-sanctions.3200,2018-04-12 08:21:39.233112,nan,,,,,,,,2018-04-12 08:21:37.349948
,au-dfat-sanctions.3305,2018-04-12 08:21:50.267077,nan,,,,,,,,2018-04-12 08:21:50.267077
,au-dfat-sanctions.3365,2018-04-12 08:21:52.000941,nan,,,,,,,,2018-04-12 08:21:52.000941
,au-dfat-sanctions.3377,2018-04-12 08:21:52.184465,nan,,,,,,,,2018-04-12 08:21:52.184465
,au-dfat-sanctions.3397,2018-04-12 08:21:52.625685,nan,,,,,,,,2018-04-12 08:21:52.625685
,au-dfat-sanctions.3330,2018-04-12 08:21:55.755728,nan,,,,,,,,2018-04-12 08:21:55.755728
,au-dfat-sanctions.3445,2018-04-12 08:21:56.000684,nan,,,,,,,,2018-04-12 08:21:54.642843
,au-dfat-sanctions.3375,2018-04-12 08:22:02.636457,nan,,,,,,,,2018-04-12 08:22:02.636457
,au-dfat-sanctions.2961,2018-04-12 08:19:37.474769,nan,,,,,,,,2018-04-12 08:19:37.474769
,au-dfat-sanctions.2963,2018-04-12 08:19:37.583324,nan,,,,,,,,2018-04-12 08:19:37.583324
,au-dfat-sanctions.2966,2018-04-12 08:19:37.641459,nan,,,,,,,,2018-04-12 08:19:37.641459
,au-dfat-sanctions.2970,2018-04-12 08:19:37.789640,nan,,,,,,,,2018-04-12 08:19:37.789640
,au-dfat-sanctions.2997,2018-04-12 08:19:37.989557,nan,,,,,,,,2018-04-12 08:19:37.989557
,au-dfat-sanctions.3001,2018-04-12 08:19:38.048016,nan,,,,,,,,2018-04-12 08:19:38.048016
,au-dfat-sanctions.3006,2018-04-12 08:19:38.149940,nan,,,,,,,,2018-04-12 08:19:38.149940
,au-dfat-sanctions.3015,2018-04-12 08:19:38.300129,nan,,,,,,,,2018-04-12 08:19:38.300129
,au-dfat-sanctions.3009,2018-04-12 08:19:38.341784,nan,,,,,,,,2018-04-12 08:19:38.341784
,au-dfat-sanctions.2972,2018-04-12 08:19:38.423190,nan,,,,,,,,2018-04-12 08:19:38.423190
,au-dfat-sanctions.2950,2018-04-12 08:19:40.498364,nan,,,,,,,,2018-04-12 08:19:33.856961
,au-dfat-sanctions.3073,2018-04-12 08:19:49.045204,nan,,,,,,,,2018-04-12 08:19:44.332174
,au-dfat-sanctions.3067,2018-04-12 08:19:50.416680,nan,,,,,,,,2018-04-12 08:19:49.673737
,au-dfat-sanctions.3077,2018-04-12 08:19:50.765018,nan,,,,,,,,2018-04-12 08:19:43.542073
,au-dfat-sanctions.3142,2018-04-12 08:20:54.674719,nan,,,,,,,,2018-04-12 08:20:47.889617
,au-dfat-sanctions.3153,2018-04-12 08:21:37.691416,nan,,,,,,,,2018-04-12 08:21:37.524435
,au-dfat-sanctions.3206,2018-04-12 08:21:38.608396,nan,,,,,,,,2018-04-12 08:21:38.608396
,au-dfat-sanctions.3253,2018-04-12 08:21:44.291549,nan,,,,,,,,2018-04-12 08:21:44.291549
,au-dfat-sanctions.3229,2018-04-12 08:21:44.299760,nan,,,,,,,,2018-04-12 08:21:39.907898
,au-dfat-sanctions.3232,2018-04-12 08:21:45.379534,nan,,,,,,,,2018-04-12 08:21:41.032987
,au-dfat-sanctions.3353,2018-04-12 08:21:50.833645,nan,,,,,,,,2018-04-12 08:21:50.833645
,au-dfat-sanctions.3359,2018-04-12 08:21:51.034845,nan,,,,,,,,2018-04-12 08:21:51.034845
,au-dfat-sanctions.3382,2018-04-12 08:21:51.327310,nan,,,,,,,,2018-04-12 08:21:51.327310
,au-dfat-sanctions.3386,2018-04-12 08:21:51.675474,nan,,,,,,,,2018-04-12 08:21:51.675474
,au-dfat-sanctions.3349,2018-04-12 08:21:51.783868,nan,,,,,,,,2018-04-12 08:21:51.783868
,au-dfat-sanctions.3352,2018-04-12 08:21:51.883773,nan,,,,,,,,2018-04-12 08:21:51.883773
,au-dfat-sanctions.3360,2018-04-12 08:21:52.325422,nan,,,,,,,,2018-04-12 08:21:52.325422
,au-dfat-sanctions.3381,2018-04-12 08:21:52.475153,nan,,,,,,,,2018-04-12 08:21:52.475153
,au-dfat-sanctions.3399,2018-04-12 08:21:52.692322,nan,,,,,,,,2018-04-12 08:21:52.185328
,au-dfat-sanctions.3321,2018-04-12 08:21:52.933950,nan,,,,,,,,2018-04-12 08:21:52.933950
,au-dfat-sanctions.3431,2018-04-12 08:21:53.834220,nan,,,,,,,,2018-04-12 08:21:53.435340
,au-dfat-sanctions.3302,2018-04-12 08:21:54.025749,nan,,,,,,,,2018-04-12 08:21:49.225154
,au-dfat-sanctions.3240,2018-04-12 08:21:54.434320,nan,,,,,,,,2018-04-12 08:21:42.474699
,au-dfat-sanctions.3447,2018-04-12 08:21:55.800819,nan,,,,,,,,2018-04-12 08:21:53.167315
,au-dfat-sanctions.3316,2018-04-12 08:22:00.327247,nan,,,,,,,,2018-04-12 08:21:50.617038
,au-dfat-sanctions.3007,2018-04-12 08:19:37.331234,nan,,,,,,,,2018-04-12 08:19:37.331234
,au-dfat-sanctions.2979,2018-04-12 08:19:37.964748,nan,,,,,,,,2018-04-12 08:19:37.964748
,au-dfat-sanctions.3049,2018-04-12 08:19:44.667874,nan,,,,,,,,2018-04-12 08:19:38.683594
,au-dfat-sanctions.3047,2018-04-12 08:19:50.475213,nan,,,,,,,,2018-04-12 08:19:39.463522
,au-dfat-sanctions.3069,2018-04-12 08:19:55.239890,nan,,,,,,,,2018-04-12 08:19:50.983827
,au-dfat-sanctions.3148,2018-04-12 08:20:52.817572,nan,,,,,,,,2018-04-12 08:20:52.817572
,au-dfat-sanctions.3150,2018-04-12 08:21:01.350070,nan,,,,,,,,2018-04-12 08:20:53.232980
,au-dfat-sanctions.3204,2018-04-12 08:21:39.450045,nan,,,,,,,,2018-04-12 08:21:37.707785
,au-dfat-sanctions.2978,2018-04-12 08:19:37.789399,nan,,,,,,,,2018-04-12 08:19:37.789399
,au-dfat-sanctions.3041,2018-04-12 08:19:38.107994,nan,,,,,,,,2018-04-12 08:19:36.515941
,au-dfat-sanctions.3151,2018-04-12 08:20:52.950059,nan,,,,,,,,2018-04-12 08:20:52.950059
,au-dfat-sanctions.3162,2018-04-12 08:20:54.632925,nan,,,,,,,,2018-04-12 08:20:54.632925
,au-dfat-sanctions.3152,2018-04-12 08:21:19.191566,nan,,,,,,,,2018-04-12 08:20:53.374863
,au-dfat-sanctions.3248,2018-04-12 08:21:43.641078,nan,,,,,,,,2018-04-12 08:21:43.641078
,au-dfat-sanctions.3208,2018-04-12 08:21:47.637824,nan,,,,,,,,2018-04-12 08:21:38.291066
,au-dfat-sanctions.3264,2018-04-12 08:21:49.017106,nan,,,,,,,,2018-04-12 08:21:46.108172
,au-dfat-sanctions.3324,2018-04-12 08:21:50.508754,nan,,,,,,,,2018-04-12 08:21:50.508754
,au-dfat-sanctions.3354,2018-04-12 08:21:50.833594,nan,,,,,,,,2018-04-12 08:21:50.833594
,au-dfat-sanctions.3205,2018-04-12 08:21:51.208657,nan,,,,,,,,2018-04-12 08:21:51.208657
,au-dfat-sanctions.3356,2018-04-12 08:21:51.583783,nan,,,,,,,,2018-04-12 08:21:51.583783
,au-dfat-sanctions.3402,2018-04-12 08:21:52.000437,nan,,,,,,,,2018-04-12 08:21:52.000437
,au-dfat-sanctions.3404,2018-04-12 08:21:52.092178,nan,,,,,,,,2018-04-12 08:21:52.092178
,au-dfat-sanctions.3410,2018-04-12 08:21:52.184019,nan,,,,,,,,2018-04-12 08:21:52.184019
,au-dfat-sanctions.3405,2018-04-12 08:21:52.692252,nan,,,,,,,,2018-04-12 08:21:52.692252
,au-dfat-sanctions.3415,2018-04-12 08:21:52.825519,nan,,,,,,,,2018-04-12 08:21:52.825519
,au-dfat-sanctions.3420,2018-04-12 08:21:52.933909,nan,,,,,,,,2018-04-12 08:21:52.483901
,au-dfat-sanctions.3294,2018-04-12 08:21:53.317805,nan,,,,,,,,2018-04-12 08:21:48.616658
,au-dfat-sanctions.3304,2018-04-12 08:21:54.458956,nan,,,,,,,,2018-04-12 08:21:54.458956
,au-dfat-sanctions.3320,2018-04-12 08:21:55.258936,nan,,,,,,,,2018-04-12 08:21:55.258936
,au-dfat-sanctions.3274,2018-04-12 08:22:04.794517,nan,,,,,,,,2018-04-12 08:21:48.033107
,au-dfat-sanctions.3276,2018-04-12 08:22:04.986517,nan,,,,,,,,2018-04-12 08:21:48.158358
,au-dfat-sanctions.3295,2018-04-12 08:22:53.569598,nan,,,,,,,,2018-04-12 08:21:48.908460
,au-dfat-sanctions.2977,2018-04-12 08:19:37.441503,nan,,,,,,,,2018-04-12 08:19:37.441503
,au-dfat-sanctions.2983,2018-04-12 08:19:37.716326,nan,,,,,,,,2018-04-12 08:19:37.716326
,au-dfat-sanctions.3040,2018-04-12 08:19:38.683306,nan,,,,,,,,2018-04-12 08:19:36.880613
,au-dfat-sanctions.3075,2018-04-12 08:19:50.031483,nan,,,,,,,,2018-04-12 08:19:49.858348
,au-dfat-sanctions.3098,2018-04-12 08:20:08.250641,nan,,,,,,,,2018-04-12 08:19:58.599858
,au-dfat-sanctions.3081,2018-04-12 08:20:08.257615,nan,,,,,,,,2018-04-12 08:19:47.974748
,au-dfat-sanctions.3161,2018-04-12 08:20:54.774656,nan,,,,,,,,2018-04-12 08:20:54.774656
,au-dfat-sanctions.3149,2018-04-12 08:21:00.675174,nan,,,,,,,,2018-04-12 08:21:00.640779
,au-dfat-sanctions.3155,2018-04-12 08:21:40.408101,nan,,,,,,,,2018-04-12 08:20:53.316265
,au-dfat-sanctions.3220,2018-04-12 08:21:40.841640,nan,,,,,,,,2018-04-12 08:21:40.841640
,au-dfat-sanctions.3258,2018-04-12 08:21:45.266409,nan,,,,,,,,2018-04-12 08:21:44.816512
,au-dfat-sanctions.3207,2018-04-12 08:21:47.549743,nan,,,,,,,,2018-04-12 08:21:47.475446
,au-dfat-sanctions.3273,2018-04-12 08:21:48.150356,nan,,,,,,,,2018-04-12 08:21:48.150356
,au-dfat-sanctions.3278,2018-04-12 08:21:48.525514,nan,,,,,,,,2018-04-12 08:21:48.358708
,au-dfat-sanctions.3323,2018-04-12 08:21:50.450705,nan,,,,,,,,2018-04-12 08:21:50.450705
,au-dfat-sanctions.3350,2018-04-12 08:21:50.709142,nan,,,,,,,,2018-04-12 08:21:50.709142
,au-dfat-sanctions.3357,2018-04-12 08:21:50.917452,nan,,,,,,,,2018-04-12 08:21:50.917452
,au-dfat-sanctions.3379,2018-04-12 08:21:51.675896,nan,,,,,,,,2018-04-12 08:21:51.675896
,au-dfat-sanctions.3378,2018-04-12 08:21:52.067414,nan,,,,,,,,2018-04-12 08:21:52.067414
,au-dfat-sanctions.3385,2018-04-12 08:21:52.175933,nan,,,,,,,,2018-04-12 08:21:52.175933
,au-dfat-sanctions.3312,2018-04-12 08:21:54.333578,nan,,,,,,,,2018-04-12 08:21:49.325716
,au-dfat-sanctions.3438,2018-04-12 08:21:54.609535,nan,,,,,,,,2018-04-12 08:21:53.342583
,au-dfat-sanctions.3440,2018-04-12 08:21:54.717845,nan,,,,,,,,2018-04-12 08:21:53.742703
,au-dfat-sanctions.3441,2018-04-12 08:21:54.792535,nan,,,,,,,,2018-04-12 08:21:53.909425
,au-dfat-sanctions.3439,2018-04-12 08:21:55.792513,nan,,,,,,,,2018-04-12 08:21:53.534317
,au-dfat-sanctions.3395,2018-04-12 08:21:57.101308,nan,,,,,,,,2018-04-12 08:21:57.101308
,au-dfat-sanctions.3299,2018-04-12 08:21:57.718902,nan,,,,,,,,2018-04-12 08:21:53.109334
,au-dfat-sanctions.3430,2018-04-12 08:21:58.352512,nan,,,,,,,,2018-04-12 08:21:58.352512
,au-dfat-sanctions.3329,2018-04-12 08:21:59.244458,nan,,,,,,,,2018-04-12 08:21:59.244458
,au-dfat-sanctions.3374,2018-04-12 08:22:00.477967,nan,,,,,,,,2018-04-12 08:22:00.477967
,au-dfat-sanctions.3434,2018-04-12 08:22:01.478072,nan,,,,,,,,2018-04-12 08:21:52.916783
,au-dfat-sanctions.3270,2018-04-12 08:22:03.978105,nan,,,,,,,,2018-04-12 08:21:47.942023
,au-dfat-sanctions.2709,2018-04-12 08:19:37.583178,nan,,,,,,,,2018-04-12 08:19:37.583178
,au-dfat-sanctions.2948,2018-04-12 08:19:40.241862,nan,,,,,,,,2018-04-12 08:19:34.123724
,au-dfat-sanctions.2958,2018-04-12 08:19:40.992889,nan,,,,,,,,2018-04-12 08:19:40.992889
,au-dfat-sanctions.2998,2018-04-12 08:19:41.200497,nan,,,,,,,,2018-04-12 08:19:41.200497
,au-dfat-sanctions.2984,2018-04-12 08:19:41.798363,nan,,,,,,,,2018-04-12 08:19:41.798363
,au-dfat-sanctions.3158,2018-04-12 08:20:53.632902,nan,,,,,,,,2018-04-12 08:20:53.632902
,au-dfat-sanctions.3203,2018-04-12 08:21:40.875286,nan,,,,,,,,2018-04-12 08:21:40.875286
,au-dfat-sanctions.3333,2018-04-12 08:21:50.733997,nan,,,,,,,,2018-04-12 08:21:50.733997
,au-dfat-sanctions.3366,2018-04-12 08:21:52.950756,nan,,,,,,,,2018-04-12 08:21:52.950756
,au-dfat-sanctions.3376,2018-04-12 08:21:53.125717,nan,,,,,,,,2018-04-12 08:21:53.125717
,au-dfat-sanctions.2982,2018-04-12 08:19:37.591145,nan,,,,,,,,2018-04-12 08:19:37.591145
,au-dfat-sanctions.3031,2018-04-12 08:19:38.109212,nan,,,,,,,,2018-04-12 08:19:38.109212
,au-dfat-sanctions.3032,2018-04-12 08:19:38.149660,nan,,,,,,,,2018-04-12 08:19:38.149660
,au-dfat-sanctions.2986,2018-04-12 08:19:38.242393,nan,,,,,,,,2018-04-12 08:19:38.242393
,au-dfat-sanctions.3070,2018-04-12 08:19:55.967034,nan,,,,,,,,2018-04-12 08:19:55.223209
,au-dfat-sanctions.3160,2018-04-12 08:20:54.832552,nan,,,,,,,,2018-04-12 08:20:54.832552
,au-dfat-sanctions.3157,2018-04-12 08:21:01.707785,nan,,,,,,,,2018-04-12 08:20:53.783967
,au-dfat-sanctions.3250,2018-04-12 08:21:46.774971,nan,,,,,,,,2018-04-12 08:21:43.750258
,au-dfat-sanctions.3313,2018-04-12 08:21:49.516838,nan,,,,,,,,2018-04-12 08:21:49.025581
,au-dfat-sanctions.3328,2018-04-12 08:21:49.884096,nan,,,,,,,,2018-04-12 08:21:49.884096
,au-dfat-sanctions.3364,2018-04-12 08:21:51.217497,nan,,,,,,,,2018-04-12 08:21:51.217497
,au-dfat-sanctions.3396,2018-04-12 08:21:52.000956,nan,,,,,,,,2018-04-12 08:21:52.000956
,au-dfat-sanctions.3390,2018-04-12 08:21:52.400879,nan,,,,,,,,2018-04-12 08:21:52.400879
,au-dfat-sanctions.3442,2018-04-12 08:21:53.134302,nan,,,,,,,,2018-04-12 08:21:52.826077
,au-dfat-sanctions.3297,2018-04-12 08:21:53.567375,nan,,,,,,,,2018-04-12 08:21:49.325706
,au-dfat-sanctions.3308,2018-04-12 08:21:54.259269,nan,,,,,,,,2018-04-12 08:21:49.209053
,au-dfat-sanctions.3301,2018-04-12 08:21:55.109424,nan,,,,,,,,2018-04-12 08:21:48.908998
,au-dfat-sanctions.3272,2018-04-12 08:22:03.945155,nan,,,,,,,,2018-04-12 08:22:03.945155
,au-dfat-sanctions.2985,2018-04-12 08:19:37.814287,nan,,,,,,,,2018-04-12 08:19:37.814287
,au-dfat-sanctions.3072,2018-04-12 08:19:47.741966,nan,,,,,,,,2018-04-12 08:19:43.431360
,au-dfat-sanctions.3074,2018-04-12 08:19:49.616836,nan,,,,,,,,2018-04-12 08:19:49.616836
,au-dfat-sanctions.3071,2018-04-12 08:19:56.141507,nan,,,,,,,,2018-04-12 08:19:56.141507
,au-dfat-sanctions.3086,2018-04-12 08:20:01.014923,nan,,,,,,,,2018-04-12 08:19:51.289838
,au-dfat-sanctions.3100,2018-04-12 08:20:08.776201,nan,,,,,,,,2018-04-12 08:19:59.456455
,au-dfat-sanctions.3102,2018-04-12 08:20:12.410000,nan,,,,,,,,2018-04-12 08:20:03.700384
,au-dfat-sanctions.3110,2018-04-12 08:20:24.067480,nan,,,,,,,,2018-04-12 08:20:04.167106
,au-dfat-sanctions.3156,2018-04-12 08:20:59.774700,nan,,,,,,,,2018-04-12 08:20:59.774700
,au-dfat-sanctions.3252,2018-04-12 08:21:44.208087,nan,,,,,,,,2018-04-12 08:21:44.208087
,au-dfat-sanctions.3300,2018-04-12 08:21:49.433868,nan,,,,,,,,2018-04-12 08:21:49.391798
,au-dfat-sanctions.3358,2018-04-12 08:21:50.908277,nan,,,,,,,,2018-04-12 08:21:50.908277
,au-dfat-sanctions.3362,2018-04-12 08:21:51.108756,nan,,,,,,,,2018-04-12 08:21:51.108756
,au-dfat-sanctions.3368,2018-04-12 08:21:51.300354,nan,,,,,,,,2018-04-12 08:21:51.300354
,au-dfat-sanctions.3372,2018-04-12 08:21:51.992369,nan,,,,,,,,2018-04-12 08:21:51.992369
,au-dfat-sanctions.3277,2018-04-12 08:21:53.033955,nan,,,,,,,,2018-04-12 08:21:53.033955
,au-dfat-sanctions.3314,2018-04-12 08:21:58.277126,nan,,,,,,,,2018-04-12 08:21:49.816829
,au-dfat-sanctions.3076,2018-04-12 08:19:50.483407,nan,,,,,,,,2018-04-12 08:19:50.483407
,au-dfat-sanctions.3251,2018-04-12 08:21:47.167033,nan,,,,,,,,2018-04-12 08:21:44.616845
,au-dfat-sanctions.3296,2018-04-12 08:21:48.450421,nan,,,,,,,,2018-04-12 08:21:48.450421
,au-dfat-sanctions.3306,2018-04-12 08:21:49.117240,nan,,,,,,,,2018-04-12 08:21:49.117240
,au-dfat-sanctions.3348,2018-04-12 08:21:50.634013,nan,,,,,,,,2018-04-12 08:21:50.634013
,au-dfat-sanctions.3331,2018-04-12 08:21:50.917648,nan,,,,,,,,2018-04-12 08:21:50.917648
,au-dfat-sanctions.3380,2018-04-12 08:21:51.476105,nan,,,,,,,,2018-04-12 08:21:51.476105
,au-dfat-sanctions.3370,2018-04-12 08:21:52.000956,nan,,,,,,,,2018-04-12 08:21:52.000956
,au-dfat-sanctions.3403,2018-04-12 08:21:57.902516,nan,,,,,,,,2018-04-12 08:21:52.392812
,au-dfat-sanctions.3550,2018-04-12 08:21:58.738375,nan,,,,,,,,2018-04-12 08:21:58.738375
,au-dfat-sanctions.3311,2018-04-12 08:21:58.760890,nan,,,,,,,,2018-04-12 08:21:49.600764
,au-dfat-sanctions.3298,2018-04-12 08:22:52.803536,nan,,,,,,,,2018-04-12 08:21:48.826266
